Номер, Місто, Країна, Регіон, Кл-ть туристів, Середній вік туристів, З родиною чи без, Вартість одного дня, Податки, Прибуток міста
0, Аалборг, Данія, Європа, 2, 25-50 років,без родини, 210, 9, 0.8 
1, Абердин, США, Північна Америка, 1, 25-50 років,з родиною, 120, 8, 0.1 
2, Абіджан, Кот-д'Івуар, Африка, 2, 25-50 років, з родиною, 120, 7, 0.8 
3, Абу-Дабі, ОАЕ, Азія, 10, 25-50 років, з родиною, 320, 15, 5 
4, Абуджа, Нігерія, Африка, 3, 25-50 років, без родини, 100, 5, 1 
5, Аваруа, Острови Кука, Океанія, 0.8, 25-50 років,з родиною, 160, 7, 0.25 
6, Агне, Норвегія, Європа, 0.7, 25-50 років,без родини, 210, 9, 0.3 
7, Агра, Індія, Азія, 3, 25-50 років, без родини, 100, 7, 1 
8, Адана, Туреччина, Європа, 2, 25-50 років, з родиною, 160, 10, 1 
9, Аддис-Абеба, Ефіопія, Африка, 3, 25-50 років, з родиною, 110, 7, 1 
10, Аделаїда, Австралія, Океанія, 1.5, 25-50 років, з родиною, 220, 10, 1 
11, Акапулько, Мексика, Північна Америка, 2.5, 25-50 років, з родиною, 160, 15, 2.5 
12, Акерсберга, Швеція, Європа, 0.8, 25-50 років,з родиною, 190, 8, 0.3 
13, Акерсхус, Норвегія, Європа, 1.5, 25-50 років,без родини, 220, 10, 0.6 
14, Акра, Гана, Африка, 2, 25-50 років, з родиною, 130, 7, 0.9 
15, Акра, Ефіопія, Африка, 2.5, 25-50 років, з родиною, 150, 15, 1.5 
16, Акрон, США, Північна Америка, 1.5, 25-50 років,з родиною, 130, 8, 0.2 
17, Албукерке, США, Північна Америка, 1.5, 25-50 років,з родиною, 140, 8, 0.6 
18, Александрія, Єгипет, Африка, 4, 25-50 років, з родиною, 160, 10, 2.5 
19, Александрія, США, Північна Америка, 2.5, 25-50 років,з родиною, 160, 9, 0.4 
20, Алжир, Алжир, Африка, 2, 25-50 років, з родиною, 90, 5, 0.8 
21, Аліканте, Іспанія, Європа, 2.5, 25-50 років, з родиною, 150, 10, 0.5 
22, Алмати, Казахстан, Азія, 2, 25-50 років, з родиною, 140, 7, 1 
23, Амара-Ліло, США, Північна Америка, 1.5, 25-50 років,з родиною, 130, 8, 0.2 
24, Амієн, Франція, Європа, 1, 25-50 років, з родиною, 150, 10, 0.2 
25, Амман, Йорданія, Близький Схід, 3, 25-50 років, з родиною, 200, 12, 2 
26, Амстердам, Нідерланди, Європа, 7, 20-45 років, без родини, 250, 18, 3 
27, Анаа, Французька Полінезія, Океанія, 0.4, 25-50 років,з родиною, 160, 7, 0.15 
28, Ангкоридж, США, Північна Америка, 2, 25-50 років,з родиною, 150, 8, 0.4 
29, Анкара, Туреччина, Європа, 4, 25-50 років, з родиною, 180, 10, 2.5 
30, Анкор-Ват, Камбоджа, Азія, 2, 25-50 років, без родини, 100, 6, 0.8 
31, Анкоридж, США, Північна Америка, 3, 25-50 років,з родиною, 170, 8, 0.5 
32, Анталія, Туреччина, Європа, 10, 25-50 років, з родиною, 190, 10, 5 
33, Антананаріву, Мадагаскар, Африка, 1, 25-50 років, з родиною, 120, 7, 0.5 
34, Антігуа, Гватемала, Центральна Америка, 1, 25-50 років, з родиною, 130, 15, 1 
35, Аораі-Тахіті, Французька Полінезія, Океанія, 0.8, 25-50 років,з родиною, 180, 7, 0.3 
36, Апія, Самоа, Океанія, 1, 25-50 років,з родиною, 150, 6, 0.3 
37, Арвіка, Швеція, Європа, 1, 25-50 років,з родиною, 190, 8, 0.5 
38, Арекипа, Перу, Південна Америка, 1.5, 25-50 років, з родиною, 130, 10, 0.3 
39, Арендал, Норвегія, Європа, 0.7, 25-50 років,з родиною, 210, 9, 0.3 
40, Асмара, Еритрея, Африка, 1, 25-50 років, з родиною, 90, 7, 0.4 
41, Астана, Казахстан, Азія, 1.5, 25-50 років, з родиною, 130, 7, 0.9 
42, Астрахань, Росія, Європа, 1, 25-50 років, з родиною, 120, 10, 0.2 
43, Асунсьйон, Парагвай, Південна Америка, 2, 25-50 років, з родиною, 130, 7, 0.9 
44, Атланта, США, Північна Америка, 7, 25-50 років, з родиною, 240, 10, 4.5 
45, Атуа, Самоа, Океанія, 0.4, 25-50 років,з родиною, 160, 7, 0.15 
46, Аугсбург, Німеччина, Європа, 0.9, 20-60 років, з родиною, 85, 19, 0.67 
47, Аугустін, США, Північна Америка, 2, 25-50 років,з родиною, 150, 8, 0.4 
48, Аур, Маршаллові Острови, Океанія, 0.2, 25-50 років,з родиною, 150, 6, 0.1 
49, Афіни, Греція, Європа, 6, 25-50 років, без родини, 170, 15, 2 
50, Ашхабад, Туркменістан, Азія, 1.5, 25-50 років, без родини, 100, 10, 0.6 
51, Баку, Азербайджан, Азія, 3, 25-50 років, без родини, 150, 10, 1 
52, Балі, Індонезія, Азія, 7, 25-50 років, з родиною, 140, 8, 2.5 
53, Балтимор, США, Північна Америка, 8, 25-50 років,з родиною, 180, 8, 3 
54, Бамако, Малі, Африка, 1.5, 25-50 років, з родиною, 120, 7, 0.7 
55, Бамберг, Німеччина, Європа, 0.4, 20-60 років, з родиною, 80, 19, 0.28 
56, Бамборо, Великобританія, Європа, 0.1, 25-50 років,з родиною, 120, 20, 0.1 
57, Бангалор, Індія, Азія, 3.5, 25-50 років, з родиною, 130, 7, 1.3 
58, Бангві, Центральноафриканська Республіка, Африка, 1, 25-50 років, з родиною, 80, 7, 0.4 
59, Бангкок, Таїланд, Азія, 22, 25-50 років, з родиною, 200, 10, 10 
60, Бангора, Великобританія, Європа, 0.1, 25-50 років,з родиною, 130, 20, 0.15 
61, Бандар-Сері-Бегаван, Бруней, Азія, 1.5, 25-50 років, без родини, 200, 5, 1 
62, Банджул, Гамбія, Африка, 1, 25-50 років, з родиною, 100, 7, 0.5 
63, Бандунг, Індонезія, Азія, 3, 25-50 років, з родиною, 140, 15, 2 
64, Барранкілья, Колумбія, Південна Америка, 2, 25-50 років, з родиною, 120, 8, 0.9 
65, Барселона, Іспанія, Європа, 15, 25-50 років, з родиною, 300, 10, 10 
66, Бастер, Сент-Кітс і Невіс, Океанія, 1, 25-50 років, з родиною, 160, 15, 1 
67, Батон-Руж, США, Північна Америка, 4, 25-50 років,з родиною, 150, 8, 0.7 
68, Батуми, Грузія, Європа, 1.5, 25-50 років, з родиною, 120, 10, 0.2 
69, Бейрут, Ліван, Близький Схід, 3, 25-50 років, без родини, 230, 12, 3 
70, Белград, Сербія, Європа, 2.5, 25-50 років, з родиною, 160, 10, 1.5 
71, Беліз-Сіті, Беліз, Центральна Америка, 1.5, 25-50 років, з родиною, 140, 15, 1 
72, Белу-Оризонті, Бразилія, Південна Америка, 2, 25-50 років, з родиною, 130, 8, 1 
73, Белфаст, Північна Ірландія, Європа, 1.5, 25-50 років, з родиною, 180, 10, 0.7 
74, Бенгазі, Лівія, Африка, 1.5, 25-50 років, з родиною, 140, 7, 0.9 
75, Бенгальору, Індія, Азія, 12, 25-50 років, з родиною, 180, 15, 4 
76, Бендик, США, Північна Америка, 1, 25-50 років,з родиною, 130, 8, 0.6 
77, Бенідорм, Іспанія, Європа, 3, 25-50 років, з родиною, 160, 10, 0.8 
78, Бергена, Норвегія, Європа, 1.2, 25-50 років, з родиною, 230, 10, 0.5 
79, Берлін, Німеччина, Європа, 5, 20-50 років, без родини, 200, 18, 3 
80, Бетфорд, Англія, Великобританія, Європа, 0.1, 25-50 років,з родиною, 120, 20, 0.1 
81, Бирмингем, Англія, Європа, 0.3, 20-60 років, з родиною, 110, 20,  0.33 
82, Біллінгс, США, Північна Америка, 1.5, 25-50 років,з родиною, 120, 8, 0.2 
83, Білоксі, США, Північна Америка, 1, 25-50 років,з родиною, 120, 8, 0.1 
84, Білосток, Польща, Європа, 1, 25-50 років, з родиною, 120, 10, 0.2 
85, Бінгемтон, США, Північна Америка, 1.5, 25-50 років,з родиною, 140, 8, 0.6 
86, Бірмінгем, Великобританія, Європа, 7, 25-50 років, з родиною, 220, 10, 4 
87, Бірмінгем, США, Північна Америка, 5, 25-50 років,з родиною, 140, 8, 1 
88, Бішкек, Киргизстан, Азія, 1, 25-50 років, з родиною, 100, 7, 0.5 
89, Блэкберн, Англія, Великобританія, Європа, 0.1, 25-50 років,з родиною, 130, 20, 0.15 
90, Богота, Колумбія, Південна Америка, 5, 25-50 років, з родиною, 140, 8, 2 
91, Бодо, Норвегія, Європа, 1.5, 25-50 років,без родини, 220, 10, 0.7 
92, Бозмен, США, Північна Америка, 1, 25-50 років,з родиною, 140, 8, 0.15 
93, Бойсе, США, Північна Америка, 1.8, 25-50 років,з родиною, 140, 8, 0.35 
94, Болонья, Італія, Європа, 6, 25-50 років, з родиною, 200, 10, 3 
95, Бомонт, США, Північна Америка, 1.5, 25-50 років,з родиною, 130, 8, 0.2 
96, Бонн, Німеччина, Європа, 1.8, 20-70, з родиною, 90, 19, 0.17 
97, Бора-Бора, Французька Полінезія, Океанія, 1.2, 25-50 років,без родини, 270, 10, 0.5 
98, Бордо, Франція, Європа, 1.5, 25-50 років, з родиною, 200, 10, 0.6 
99, Борлонге, Швеція, Європа, 1, 25-50 років,з родиною, 190, 8, 0.5 
100, Борс, Швеція, Європа, 0.8, 25-50 років,без родини, 200, 9, 0.4 
101, Бостон, США, Північна Америка, 20, 25-50 років, з родиною, 300, 10, 10 
102, Боязі, США, Північна Америка, 3, 25-50 років,з родиною, 160, 8, 0.6 
103, Браззавіль, Республіка Конго, Африка, 1.5, 25-50 років, з родиною, 110, 7, 0.6 
104, Бразиліа, Бразилія, Південна Америка, 3.5, 25-50 років, з родиною, 150, 10, 0.5 
105, Брайтон, Англія, Європа, 4, 20-30 років, з родиною, 110, 20, 0.36 
106, Братислава, Словаччина, Європа, 2, 25-50 років, з родиною, 190, 15, 1.5 
107, Браунсвілл, США, Північна Америка, 1, 25-50 років,з родиною, 110, 8, 0.1 
108, Бредфорд, Англія, Великобританія, Європа, 0.5, 25-50 років, з родиною, 160, 20, 0.6 
109, Бремен, Німеччина, Європа, 1.2, 20-60 років, з родиною, 95, 19, 0.9 
110, Бріджтаун, Барбадос, Океанія, 1.5, 25-50 років, з родиною, 250, 10, 1 
111, Брісбен, Австралія, Океанія, 3, 25-50 років, з родиною, 250, 10, 2 
112, Брісбен, США, Північна Америка, 1.8, 25-50 років,з родиною, 150, 8, 0.3 
113, Брістол, Англія, Великобританія, Європа, 1.3, 25-50 років, без родини, 200, 20, 1.2 
114, Брно, Чехія, Європа, 1.2, 25-50 років, з родиною, 130, 10, 0.3 
115, Брчко, Хорватія, Європа, 0.3, 20-55 років, з родиною, 70, 13, 0.3 
116, Брюгге, Бельгія, Європа, 3, 25-50 років, з родиною, 200, 10, 1.2 
117, Брюссель, Бельгія, Європа, 3, 25-50 років, без родини, 190, 18, 1.5 
118, Брянськ, Росія, Європа, 0.1, 25-50 років, з родиною, 120, 15, 0.4 
119, Будапешт, Угорщина, Європа, 10, 25-50 років, з родиною, 180, 10, 4 
120, Будва, Чорногорія, Європа, 0.2, 20-30 років, з родиною, 100, 10, 0.2 
121, Буенос-Айрес, Аргентина, Південна Америка, 6, 25-50 років, з родиною, 180, 10, 3 
122, Бужумбура, Бурунді, Африка, 1, 25-50 років, з родиною, 90, 7, 0.4 
123, Бургас, Болгарія, Європа, 1.5, 25-50 років, з родиною, 130, 10, 0.3 
124, Бурса, Туреччина, Азія, 3, 25-50 років, з родиною, 160, 15, 2.5 
125, Бусан, Південна Корея, Азія, 4, 25-50 років, без родини, 220, 10, 2 
126, Бухарест, Румунія, Європа, 3, 25-50 років, з родиною, 180, 10, 2 
127, Вайтукі, Тувалу, Океанія, 0.4, 25-50 років,з родиною, 160, 7, 0.15 
128, Вако, США, Північна Америка, 1.5, 25-50 років,з родиною, 130, 8, 0.2 
129, Ваксхо, Швеція, Європа, 1, 25-50 років,з родиною, 190, 8, 0.5 
130, Валенсія, Іспанія, Європа, 5, 25-50 років, з родиною, 200, 10, 2 
131, Вальпараїсо, Чилі, Південна Америка, 2, 25-50 років, без родини, 130, 10, 0.9 
132, Ванкувер, Канада, Північна Америка, 9, 25-50 років, з родиною, 250, 10, 4.5 
133, Вантаа, Фінляндія, Європа, 2, 25-50 років,без родини, 190, 8, 0.7 
134, Вану-Леву, Фіджі, Океанія, 0.5, 25-50 років,з родиною, 160, 7, 0.2 
135, Варадеро, Куба, Океанія, 3, 25-50 років, з родиною, 150, 5, 1.5 
136, Вараждин, Хорватія, Європа, 0.2, 20-45 років, з родиною, 75, 13, 0.4 
137, Варанасі, Індія, Азія, 7, 25-50 років, з родиною, 140, 15, 5 
138, Варна, Болгарія, Європа, 2, 25-50 років, з родиною, 120, 10, 0.3 
139, Варшава, Польща, Європа, 5, 25-50 років, з родиною, 190, 15, 3.5 
140, Ватикан, Італія, Європа, 5, 25-50 років, з родиною, 300, 10, 1 
141, Вашингтон, США, Північна Америка, 25, 25-50 років, з родиною, 300, 10, 12 
142, Вейле, Данія, Європа, 1, 25-50 років,з родиною, 200, 9, 0.5 
143, Веллінгтон, Нова Зеландія, Океанія, 0.5, 25-50 років, з родиною, 200, 10, 0.4 
144, Венеція, Італія, Європа, 4, 25-50 років, з родиною, 300, 10, 3 
145, Венеція, США, Північна Америка, 2, 25-50 років,з родиною, 150, 8, 0.3 
146, Верона, Італія, Європа, 3, 25-50 років, без родини, 200, 15, 1 
147, Вестмінстер, Англія, Великобританія, Європа, 0.1, 25-50 років,з родиною, 160, 20, 0.3 
148, В'єнтьян, Лаос, Азія, 1, 25-50 років, з родиною, 80, 6, 0.5 
149, Віго, Іспанія, Європа, 1.5, 25-50 років, з родиною, 140, 10, 0.3 
150, Відень, Австрія, Європа, 9, 25-50 років, з родиною, 250, 15, 7 
151, Вікторія, Канада, Північна Америка, 1.5, 25-50 років, з родиною, 200, 15, 2 
152, Вікторія, Сейшели, Африка, 0.3, 25-50 років, з родиною, 180, 15, 0.6 
153, Вільнюс, Литва, Європа, 1.5, 25-50 років, з родиною, 110, 10, 0.4 
154, Вільяермоса, Мексика, Північна Америка, 1.5, 25-50 років, з родиною, 150, 15, 1.5 
155, Віндгук, Намібія, Африка, 1, 25-50 років, з родиною, 160, 8, 0.8 
156, Вінниця, Україна, Європа, 1, 25-50 років, з родиною, 100, 10, 0.1 
157, Вінстон-Сейлем, США, Північна Америка, 1, 25-50 років,з родиною, 120, 8, 0.15 
158, Вірджинія-Біч, США, Північна Америка, 5, 25-50 років,з родиною, 170, 8, 1 
159, Вісбаден, Німеччина, Європа, 0.5, 25-50 років, з родиною, 140, 10, 0.2 
160, Вісбі, Швеція, Європа, 1, 25-50 років,без родини, 200, 9, 0.5 
161, Вісбю, Швеція, Європа, 1.5, 25-50 років,з родиною, 200, 9, 0.6 
162, Віті-Леву, Фіджі, Океанія, 0.6, 25-50 років,з родиною, 170, 7, 0.2 
163, Владивосток, Росія, Азія, 0.6, 25-50 років, з родиною, 150, 15, 0.8 
164, Вологда, Росія, Європа, 0.3, 25-50 років, з родиною, 120, 15, 0.3 
165, Воронеж, Росія, Європа, 1, 25-50 років, з родиною, 130, 15, 0.8 
166, Вроцлав, Польща, Європа, 3.5, 25-50 років, з родиною, 140, 10, 0.5 
167, Вулвергемптон, Англія, Великобританія, Європа, 0.3, 25-50 років,з родиною, 160, 20, 0.3 
168, Вунгтау, В'єтнам, Азія, 3, 25-50 років, з родиною, 140, 15, 2 
169, Вухань, Китай, Азія, 8, 25-50 років, з родиною, 180, 15, 5 
170, Гаага, Нідерланди, Європа, 2, 25-50 років, без родини, 230, 18, 1 
171, Габороне, Ботсвана, Африка, 1.5, 25-50 років, з родиною, 140, 7, 0.6 
172, Гавана, Куба, Північна Америка, 4, 30-60 років, з родиною, 100, 5, 1 
173, Гайдельберг, Німеччина, Європа, 0.2, 20-60 років, з родиною, 90, 19, 0.2 
174, Галвестон, США, Північна Америка, 3, 25-50 років,з родиною, 160, 9, 0.5 
175, Галден, Норвегія, Європа, 0.8, 25-50 років,з родиною, 210, 9, 0.4 
176, Гальмстад, Швеція, Європа, 1, 25-50 років,без родини, 180, 8, 0.5 
177, Гамар, Норвегія, Європа, 0.8, 25-50 років,з родиною, 200, 9, 0.4 
178, Гамбург, Німеччина, Європа, 6, 25-50 років, з родиною, 230, 10, 4 
179, Гамільтон, Бермуди, Океанія, 1, 25-50 років, без родини, 220, 15, 1 
180, Ганновер, Німеччина, Європа, 0.2, 20-60 років, з родиною, 90, 19, 0.5 
181, Гарріс, Шотландія, Великобританія, Європа, 0.2, 25-50 років,з родиною, 130, 20, 0.15 
182, Гаугесунн, Норвегія, Європа, 0.8, 25-50 років,з родиною, 200, 9, 0.4 
183, Гвадалахара, Мексика, Північна Америка, 5, 25-50 років, з родиною, 150, 15, 3 
184, Гватемала-Сіті, Гватемала, Центральна Америка, 2, 25-50 років, з родиною, 100, 7, 0.8 
185, Гданськ, Польща, Європа, 3, 25-50 років, з родиною, 150, 10, 0.5 
186, Гейдельберг, Німеччина, Європа, 0.2, 20-60 років, з родиною, 90, 19, 0.2 
187, Гейнсвілл, США, Північна Америка, 1.5, 18-35 років,без родини, 130, 8, 0.3 
188, Гельзенкірхен, Німеччина, Європа, 0.2, 20-60 років, з родиною, 90, 19, 0.2 
189, Гельсінгборг, Швеція, Європа, 1, 25-50 років,без родини, 200, 9, 0.5 
190, Гельсінкі, Фінляндія, Європа, 2, 25-50 років, з родиною, 200, 10, 1 
191, Генгель, Данія, Європа, 0.9, 25-50 років,без родини, 190, 8, 0.4 
192, Гент, Бельгія, Європа, 1.5, 25-50 років, з родиною, 150, 10, 0.5 
193, Генуя, Італія, Європа, 2, 25-50 років, з родиною, 200, 10, 0.6 
194, Герефорд, Англія, Великобританія, Європа, 0.1, 25-50 років,з родиною, 160, 20, 0.3 
195, Гетеборг, Швеція, Європа, 6, 25-50 років,з родиною, 200, 9, 1.2 
196, Гіресун, Туреччина, Азія, 1, 25-50 років, з родиною, 130, 15, 1 
197, Глазго, Великобританія, Європа, 5, 25-50 років, з родиною, 240, 10, 3.5 
198, Глівіце, Польща, Європа, 1.5, 25-50 років, з родиною, 110, 10, 0.1 
199, Глостер, Англія, Великобританія, Європа, 1, 25-50 років, з родиною, 190, 20, 1 
200, Гоа, Індія, Азія, 5, 20-45 років, без родини, 150, 8, 2 
201, Гобарт, Австралія, Океанія, 2.5, 25-50 років,з родиною, 200, 9, 0.7 
202, Голлівуд, США, Північна Америка, 2, 25-50 років, з родиною, 230, 10, 2.5 
203, Гонконг, Китай, Азія, 30, 25-50 років, з родиною, 400, 10, 25 
204, Гранд-Рапідс, США, Північна Америка, 3, 25-50 років,з родиною, 160, 9, 0.5 
205, Гранд-Форкс, США, Північна Америка, 1, 25-50 років,з родиною, 120, 8, 0.1 
206, Грейт-Ярмут, Англія, Великобританія, Європа, 0.1, 25-50 років, з родиною, 140, 20, 0.3 
207, Грейфсвальд, Німеччина, Європа, 0.2, 20-60 років, без родиною, 90, 19, 0.5 
208, Грімстад, Норвегія, Європа, 0.7, 25-50 років,з родиною, 210, 9, 0.3 
209, Грін-Бей, США, Північна Америка, 1.5, 25-50 років,з родиною, 140, 8, 0.4 
210, Грінвілл, США, Північна Америка, 2, 25-50 років,з родиною, 140, 8, 0.6 
211, Грінок, Шотландія, Великобританія, Європа, 0.1, 25-50 років,з родиною, 140, 20, 0.2 
212, Грінсборо, США, Північна Америка, 2, 25-50 років,з родиною, 140, 8, 0.3 
213, Грозний, Росія, Європа, 1, 25-50 років, з родиною, 150, 15, 0.8 
214, Гронінген, Норвегія, Європа, 1, 25-50 років,без родини, 230, 10, 0.6 
215, Гуа-Бао, М'янма, Азія, 1, 25-50 років, з родиною, 100, 15, 0.8 
216, Гуанчжоу, Китай, Азія, 10, 25-50 років, з родиною, 180, 15, 6 
217, Гуаякіль, Еквадор, Південна Америка, 2.5, 25-50 років, з родиною, 130, 15, 1.5 
218, Гуйлінь, Китай, Азія, 3, 25-50 років, з родиною, 150, 15, 2 
219, Гюмрі, Вірменія, Європа, 1, 25-50 років, з родиною, 110, 10, 0.2 
220, Г'юстон, США, Північна Америка, 15, 25-50 років,з родиною, 180, 8, 4.5 
221, Давао, Філіппіни, Азія, 2, 25-50 років, з родиною, 120, 8, 1 
222, Дакар, Сенегал, Африка, 2, 25-50 років, з родиною, 150, 7, 0.9 
223, Дакка, Бангладеш, Азія, 3, 25-50 років, з родиною, 100, 7, 1 
224, Далат, В'єтнам, Азія, 2, 25-50 років, з родиною, 130, 15, 1.5 
225, Даллас, США, Північна Америка, 8, 25-50 років, з родиною, 250, 10, 5 
226, Далянь, Китай, Азія, 7, 25-50 років, з родиною, 160, 15, 4 
227, Дамаск, Сирія, Близький Схід, 1, 25-50 років, з родиною, 250, 10, 1.5 
228, Дананг, В'єтнам, Азія, 2, 25-50 років, з родиною, 120, 6, 1 
229, Дананг, В'єтнам, Азія, 4, 25-50 років, з родиною, 140, 15, 2.5 
230, Данвіч, Англія, Великобританія, Європа, 0.1, 25-50 років,з родиною, 120, 20, 0.1 
231, Дарвін, Австралія, Океанія, 1.8, 25-50 років,з родиною, 210, 8, 0.6 
232, Дар-ес-Салам, Танзанія, Африка, 3, 25-50 років, з родиною, 100, 5, 1 
233, Делі, Індія, Азія, 20, 25-50 років, з родиною, 180, 15, 5 
234, Делфт, Нідерланди, Європа, 0.5, 25-50 років, з родиною, 130, 10, 0.2 
235, Денвер, США, Північна Америка, 5, 25-50 років, з родиною, 250, 10, 4.5 
236, Денпасар, Індонезія, Азія, 4, 25-50 років, з родиною, 160, 15, 3 
237, Дербі, Англія, Великобританія, Європа, 0.3, 25-50 років, з родиною, 140, 20, 0.4 
238, Дестін, США, Північна Америка, 2, 25-50 років,з родиною, 150, 8, 0.35 
239, Детройт, США, Північна Америка, 8, 25-50 років, з родиною, 240, 10, 5 
240, Джайпур, Індія, Азія, 3, 25-50 років, без родини, 110, 7, 1.2 
241, Джакарта, Індонезія, Азія, 5, 25-50 років, з родиною, 140, 8, 2.5 
242, Джексонвілл, США, Північна Америка, 15, 25-50 років,з родиною, 180, 8, 4.5 
243, Джидда, Саудівська Аравія, Близький Схід, 3, 25-50 років, з родиною, 260, 15, 3 
244, Джорджтаун, Малайзія, Азія, 2.5, 25-50 років, без родини, 130, 8, 1.2 
245, Джуба, Південний Судан, Африка, 1, 25-50 років, з родиною, 100, 7, 0.5 
246, Дніпро, Україна, Європа, 1.5, 25-50 років, з родиною, 110, 10, 0.2 
247, Долина Вісла, Польща, Європа, 1, 25-50 років, з родиною, 120, 10, 0.3 
248, Донецьк, Україна, Європа, 1.5, 25-50 років, з родиною, 110, 10, 0.2 
249, Дортмунд, Німеччина, Європа, 2.5, 25-50 років, з родиною, 190, 10, 1 
250, Доха, Катар, Близький Схід, 5, 25-50 років, без родини, 350, 15, 6 
251, Дрезден, Німеччина, Європа, 2, 25-50 років, з родиною, 180, 10, 1 
252, Дуала, Камерун, Африка, 1, 25-50 років, з родиною, 100, 7, 0.5 
253, Дубай, ОАЕ, Близький Схід, 15, 25-50 років, без родини, 350, 15, 12 
254, Дублін, Ірландія, Європа, 6, 25-50 років, з родиною, 270, 10, 4.5 
255, Дубровник, Хорватія, Європа, 1.5, 25-50 років, з родиною, 200, 10, 0.5 
256, Дурбан, ПАР, Африка, 3, 25-50 років, з родиною, 180, 10, 2 
257, Дурем, Англія, Великобританія, Європа, 0.4, 25-50 років,з родиною, 160, 20, 0.4 
258, Душанбе, Таджикистан, Азія, 1.5, 25-50 років, без родини, 90, 10, 0.5 
259, Евансвілл, США, Північна Америка, 1, 25-50 років,з родиною, 110, 8, 0.1 
260, Еверум, Швеція, Європа, 0.7, 25-50 років,без родини, 210, 9, 0.3 
261, Единбург, Великобританія, Європа, 4, 25-50 років, з родиною, 250, 10, 2.5 
262, Едісон, США, Північна Америка, 2, 25-50 років,з родиною, 150, 8, 0.3 
263, Едмонтон, Канада, Північна Америка, 2, 25-50 років, з родиною, 210, 15, 2.5 
264, Ейдсволл, Норвегія, Європа, 1, 25-50 років,з родиною, 210, 9, 0.5 
265, Ель-Кувейт, Кувейт, Близький Схід, 2, 25-50 років, з родиною, 220, 10, 2 
266, Ель-Пасо, США, Північна Америка, 3, 25-50 років,з родиною, 130, 8, 0.4 
267, Ельсінор, Данія, Європа, 0.8, 25-50 років,з родиною, 200, 9, 0.3 
268, Енсенада, Мексика, Північна Америка, 1, 25-50 років, з родиною, 140, 15, 1 
269, Ері, США, Північна Америка, 1, 25-50 років,з родиною, 120, 8, 0.15 
270, Ер-Ріяд, Саудівська Аравія, Близький Схід, 3, 25-50 років, з родиною, 290, 15, 4 
271, Есб'єрг, Данія, Європа, 1.5, 25-50 років,з родиною, 190, 8, 0.6 
272, Ескільстуна, Швеція, Європа, 1, 25-50 років,з родиною, 190, 8, 0.5 
273, Ессекс, США, Північна Америка, 1.5, 25-50 років,з родиною, 130, 8, 0.2 
274, Ессен, Німеччина, Європа, 0.2, 20-60 років, з родиною, 90, 19, 0.2 
275, Естерсунд, Швеція, Європа, 1, 25-50 років,без родини, 190, 8, 0.5 
276, Еуа, Тонга, Океанія, 0.2, 25-50 років,з родиною, 150, 6, 0.1 
277, Ешвілл, США, Північна Америка, 2.5, 25-50 років,з родиною, 160, 9, 0.4 
278, Єкатеринбург, Росія, Європа, 1.5, 25-50 років, з родиною, 170, 15, 1 
279, Єреван, Вірменія, Європа, 2, 25-50 років, без родини, 120, 10, 0.7 
280, Єрусалим, Ізраїль, Близький Схід, 4, 25-50 років, без родини, 250, 15, 3 
281, Женева, Швейцарія, Європа, 2, 25-50 років, з родиною, 300, 10, 1.5 
282, Забж, Хорватія, Європа, 0.2, 20-40 років, з родиною, 90, 13, 0.2 
283, Забжє, Польща, Європа, 1.5, 25-50 років, з родиною, 110, 10, 0.1 
284, Загреб, Хорватія, Європа, 3, 25-50 років, з родиною, 200, 10, 2 
285, Задар, Хорватія, Європа, 0.2, 20-40 років, з родиною, 90, 13, 0.2 
286, Зальцбург, Австрія, Європа, 1.5, 25-50 років, з родиною, 200, 10, 0.6 
287, Зоммерда, Німеччина, Європа, 0.3, 20-60 років, без родиною, 90, 19, 0.1 
288, Иркутськ, Росія, Азія, 0.5, 25-50 років, з родиною, 140, 15, 0.6 
289, Іжевськ, Росія, Європа, 0.5, 25-50 років, з родиною, 130, 15, 0.6 
290, Ізмір, Туреччина, Європа, 3, 25-50 років, з родиною, 170, 10, 2 
291, Індіанаполіс, США, Північна Америка, 10, 25-50 років,з родиною, 160, 8, 2.5 
292, Інчхон, Південна Корея, Азія, 2, 25-50 років, без родини, 200, 10, 1.2 
293, Ісфахан, Іран, Близький Схід, 2, 25-50 років, з родиною, 200, 10, 1.5 
294, Ітака, США, Північна Америка, 1, 25-50 років,з родиною, 120, 8, 0.15 
295, Ітапаріка, Бразилія, Південна Америка, 1, 25-50 років, з родиною, 160, 15, 1 
296, Йевле, Швеція, Європа, 0.9, 25-50 років,без родини, 190, 8, 0.4 
297, Йерва, Норвегія, Європа, 0.7, 25-50 років,з родиною, 210, 9, 0.3 
298, Йерусалим, Ізраїль, Близький Схід, 4, 30-60 років, з родиною, 200, 12, 2 
299, Йоганнесбург, ПАР, Африка, 6, 25-50 років, без родини, 200, 10, 4 
300, Йоенсуу, Фінляндія, Європа, 1.5, 25-50 років,без родини, 200, 9, 0.6 
301, Кагосіма, Японія, Азія, 1, 25-50 років, з родиною, 210, 15, 1 
302, Казань, Росія, Європа, 1.2, 25-50 років, з родиною, 150, 15, 1 
303, Каїр, Єгипет, Африка, 10, 25-50 років, з родиною, 200, 10, 4 
304, Кайтука, Острови Кука, Океанія, 0.4, 25-50 років,з родиною, 160, 7, 0.15 
305, Калвсунд, Норвегія, Європа, 0.7, 25-50 років,з родиною, 210, 9, 0.3 
306, Калгари, США, Північна Америка, 3, 25-50 років,з родиною, 200, 8, 0.6 
307, Калгарі, Канада, Північна Америка, 2, 25-50 років, без родини, 250, 12, 1.2 
308, Калгурлі, Австралія, Океанія, 0.5, 25-50 років, з родиною, 150, 10, 0.1 
309, Калі, Колумбія, Південна Америка, 3, 25-50 років, з родиною, 150, 15, 2 
310, Калінінград, Росія, Європа, 0.5, 25-50 років, з родиною, 150, 15, 0.3 
311, Калмар, Швеція, Європа, 0.8, 25-50 років, з родиною, 120, 10, 0.2 
312, Калуга, Росія, Європа, 0.5, 25-50 років, з родиною, 120, 15, 0.4 
313, Калуш, Україна, Європа, 0.5, 25-50 років, з родиною, 90, 10, 0.05 
314, Кальї, Колумбія, Південна Америка, 2, 25-50 років, з родиною, 140, 15, 1.5 
315, Калькутта, Індія, Азія, 4, 25-50 років, з родиною, 120, 7, 1.5 
316, Кальмар, Норвегія, Європа, 1.2, 25-50 років, з родиною, 150, 10, 0.3 
317, Кальмар, Швеція, Європа, 1, 25-50 років,з родиною, 180, 8, 0.5 
318, Кальярі, Італія, Європа, 1.2, 25-50 років, з родиною, 200, 10, 0.5 
319, Камчатка, Росія, Азія, 0.5, 25-50 років, з родиною, 150, 15, 0.2 
320, Канберра, Австралія, Океанія, 1, 25-50 років, з родиною, 240, 10, 0.5 
321, Канвондо, Південна Корея, Азія, 1.5, 25-50 років, з родиною, 150, 15, 1 
322, Кангасала, Фінляндія, Європа, 0.8, 25-50 років,з родиною, 200, 9, 0.4 
323, Канзас-Сіті, США, Північна Америка, 5, 25-50 років, з родиною, 180, 10, 3 
324, Канкун, Мексика, Північна Америка, 6, 20-40 років, з родиною, 220, 10, 4 
325, Канни, Франція, Європа, 1.2, 25-50 років, з родиною, 300, 10, 0.4 
326, Кано, Нігерія, Африка, 2, 25-50 років, з родиною, 130, 7, 0.9 
327, Канчанабурі, Таїланд, Азія, 1, 25-50 років, з родиною, 130, 15, 1 
328, Каптаун, Південна Африка, Африка, 5, 25-50 років, з родиною, 220, 10, 2.5 
329, Каракас, Венесуела, Південна Америка, 2, 25-50 років, з родиною, 130, 10, 0.3 
330, Кардіф, Великобританія, Європа, 0.8, 30-70 років, з родиною, 90, 20, 0.5 
331, Карлстад, Швеція, Європа, 1.5, 25-50 років,з родиною, 180, 8, 0.6 
332, Карлсхамн, Швеція, Європа, 0.9, 25-50 років,без родини, 190, 8, 0.4 
333, Картахена, Колумбія, Південна Америка, 3, 25-50 років, з родиною, 150, 15, 2 
334, Касабланка, Марокко, Африка, 3, 25-50 років, з родиною, 130, 7, 1 
335, Каскасунден, Фінляндія, Європа, 0.8, 25-50 років,без родини, 200, 9, 0.4 
336, Кассель, Німеччина, Європа, 0.1, 20-60 років, з родиною, 90, 19, 0.2 
337, Кастрі, Сент-Люсія, Океанія, 2, 25-50 років, з родиною, 170, 15, 2 
338, Катманду, Непал, Азія, 2, 25-50 років, без родини, 90, 5, 0.7 
339, Катовіце, Польща, Європа, 3, 25-50 років, з родиною, 130, 10, 0.4 
340, Квебек, Канада, Північна Америка, 1.5, 25-50 років, з родиною, 210, 10, 1 
341, Квінстаун, Нова Зеландія, Океанія, 3.5, 25-50 років,з родиною, 250, 10, 0.9 
342, Кейджун-Кантрі, США, Північна Америка, 1.5, 25-50 років,з родиною, 130, 8, 0.2 
343, Кейп-Корал, США, Північна Америка, 2, 25-50 років,з родиною, 140, 8, 0.35 
344, Кейптаун, ПАР, Африка, 5, 25-50 років, з родиною, 180, 8, 2 
345, Кельн, Німеччина, Європа, 0.7, 20-60 років, з родиною, 90, 19, 0.4 
346, Кельн, Німеччина, Європа, 3, 25-50 років, з родиною, 210, 10, 1.5 
347, Кембридж, Великобританія, Європа, 2, 25-50 років, з родиною, 220, 10, 2 
348, Кемі, Фінляндія, Європа, 1, 25-50 років,з родиною, 190, 8, 0.5 
349, Кемнітц, Німеччина, Європа, 0.2, 20-50 років, з родиною, 90, 19, 0.2 
350, Кемптен, Англія, Великобританія, Європа, 0.1, 25-50 років,з родиною, 120, 20, 0.1 
351, Кенінгтон, Англія, Великобританія, Європа, 0.1, 25-50 років,з родиною, 130, 20, 0.15 
352, Кентербері, Англія, Великобританія, Європа, 0.1, 25-50 років,з родиною, 150, 20, 0.2 
353, Кернс, Австралія, Океанія, 3, 25-50 років,з родиною, 220, 9, 0.8 
354, Кефлавік, Ісландія, Європа, 1.5, 25-50 років,без родини, 250, 11, 0.7 
355, Київ, Україна, Європа, 4, 25-50 років, з родиною, 170, 15, 2.5 
356, Кишинів, Молдова, Європа, 1, 25-50 років, з родиною, 90, 15, 0.4 
357, Кігалі, Руанда, Африка, 1.5, 25-50 років, з родиною, 110, 7, 0.6 
358, Кіллін, США, Північна Америка, 1, 25-50 років,з родиною, 120, 8, 0.15 
359, Кіля, Німеччина, Європа, 0.2, 20-60 років, з родиною, 70, 19, 0.2 
360, Кінгстаун, Сент-Вінсент і Гренадини, Океанія, 1, 25-50 років, з родиною, 160, 15, 1 
361, Кінгстон, Норфолк, Океанія, 0.3, 25-50 років,з родиною, 180, 7, 0.1 
362, Кінгстон, Ямайка, Океанія, 2, 25-50 років, з родиною, 200, 8, 1.2 
363, Кіншаса, Демократична Республіка Конго, Африка, 2, 25-50 років, з родиною, 120, 7, 0.8 
364, Кіото, Японія, Азія, 5, 25-50 років, без родини, 220, 10, 3 
365, Кіров, Росія, Європа, 0.5, 25-50 років, з родиною, 120, 15, 0.4 
366, Кіссіммі, США, Північна Америка, 3.5, 25-50 років,з родиною, 170, 8, 0.6 
367, Кіто, Еквадор, Південна Америка, 2, 25-50 років, з родиною, 120, 10, 0.3 
368, Клайпеда, Литва, Європа, 0.8, 25-50 років, з родиною, 100, 10, 0.2 
369, Кларк-Філд, США, Північна Америка, 1.8, 25-50 років,з родиною, 140, 8, 0.25 
370, Клаузен, Німеччина, Європа, 0.2, 20-60 років, з родиною, 70, 19, 0.2 
371, Клівленд, США, Північна Америка, 7, 25-50 років,з родиною, 150, 8, 2 
372, Клуж-Напока, Румунія, Європа, 1, 25-50 років, з родиною, 110, 15, 0.3 
373, Кобленц, Німеччина, Європа, 1, 25-50 років, з родиною, 200, 10, 0.5 
374, Ковентрі, Англія, Великобританія, Європа, 0.4, 25-50 років, з родиною, 160, 20, 0.5 
375, Коломбо, Шрі-Ланка, Азія, 2, 25-50 років, з родиною, 130, 7, 1 
376, Колумбус, США, Північна Америка, 4, 25-50 років,з родиною, 170, 8, 1 
377, Конакрі, Гвінея, Африка, 1, 25-50 років, з родиною, 120, 15, 0.8 
378, Конья, Туреччина, Азія, 2, 25-50 років, з родиною, 150, 15, 2 
379, Копенгаген, Данія, Європа, 8, 25-50 років, з родиною, 300, 10, 5.5 
380, Кордова, Аргентина, Південна Америка, 2, 25-50 років, з родиною, 140, 8, 1 
381, Корпус-Крісті, США, Північна Америка, 1.5, 25-50 років,з родиною, 140, 8, 0.2 
382, Кострома, Росія, Європа, 0.5, 25-50 років, з родиною, 120, 15, 0.3 
383, Кота-Кінабалу, Малайзія, Азія, 2, 25-50 років, з родиною, 140, 8, 1 
384, Котону, Бенін, Африка, 1, 25-50 років, з родиною, 120, 15, 0.8 
385, Котора, Чорногорія, Європа, 0.1, 20-45 років, з родиною, 95, 10, 0.2 
386, Коулун, Гонконг, Азія, 12, 25-50 років, без родини, 250, 10, 6 
387, Кочі, Індія, Азія, 2, 25-50 років, з родиною, 110, 7, 0.8 
388, Кошице, Словаччина, Європа, 0.5, 25-50 років, з родиною, 90, 10, 0.1 
389, Крабі, Таїланд, Азія, 2.5, 25-50 років, з родиною, 150, 15, 2 
390, Краків, Польща, Європа, 8, 25-50 років, з родиною, 180, 10, 2.5 
391, Краловець, Чехія, Європа, 0.8, 25-50 років, з родиною, 100, 10, 0.3 
392, Краснодар, Росія, Європа, 1, 25-50 років, з родиною, 110, 10, 0.2 
393, Крістіансанн, Норвегія, Європа, 2, 25-50 років,з родиною, 200, 9, 0.7 
394, Крістіанстад, Швеція, Європа, 0.9, 25-50 років,без родини, 190, 8, 0.4 
395, Крістін, США, Північна Америка, 1, 25-50 років,з родиною, 120, 8, 0.15 
396, Крк, Хорватія, Європа, 0.2, 20-40 років, з родиною, 90, 13, 0.2 
397, Кромарти, Шотландія, Великобританія, Європа, 0.1, 25-50 років,з родиною, 120, 20, 0.15 
398, Круунапуу, Фінляндія, Європа, 0.8, 25-50 років,без родини, 200, 9, 0.4 
399, Куала-Лумпур, Малайзія, Азія, 8, 25-50 років, без родини, 150, 8, 3 
400, Куала-Тренгану, Малайзія, Азія, 2, 25-50 років, з родиною, 150, 15, 1 
401, Куернавака, Мексика, Північна Америка, 1.5, 25-50 років, з родиною, 140, 15, 1.5 
402, Кумамото, Японія, Азія, 1.5, 25-50 років, з родиною, 220, 15, 1.5 
403, Кумасі, Гана, Африка, 1.5, 25-50 років, з родиною, 130, 7, 0.8 
404, Кунгельв, Швеція, Європа, 0.9, 25-50 років,з родиною, 180, 8, 0.4 
405, Кунгсбака, Швеція, Європа, 1, 25-50 років,з родиною, 180, 8, 0.5 
406, Куньмін, Китай, Азія, 3, 25-50 років, з родиною, 130, 8, 1.5 
407, Куньмін, Китай, Азія, 5, 25-50 років, з родиною, 160, 15, 3 
408, Курган, Росія, Європа, 0.5, 25-50 років, з родиною, 110, 15, 0.3 
409, Курітіба, Бразилія, Південна Америка, 2, 25-50 років, без родини, 140, 8, 0.9 
410, Куско, Перу, Південна Америка, 2, 25-50 років, з родиною, 150, 15, 2 
411, Лаббок, США, Північна Америка, 1.5, 25-50 років,з родиною, 130, 8, 0.2 
412, Лавага, Тонга, Океанія, 0.3, 25-50 років,з родиною, 150, 6, 0.15 
413, Лагос, Нігерія, Африка, 6, 25-50 років, з родиною, 160, 7, 2.5 
414, Ланьчжоу, Китай, Азія, 4, 25-50 років, з родиною, 150, 15, 2.5 
415, Ла-Пас, Болівія, Південна Америка, 2, 25-50 років, з родиною, 110, 7, 0.8 
416, Ла-Пас, Мексика, Північна Америка, 1, 25-50 років, з родиною, 140, 15, 1 
417, Лапландія, Фінляндія, Європа, 4, 25-50 років,з родиною, 210, 9, 1 
418, Ларнака, Кіпр, Європа, 1.2, 25-50 років, з родиною, 180, 10, 0.3 
419, Ла-Романа, Домініканська Республіка, Океанія, 2, 25-50 років, з родиною, 170, 7, 1 
420, Лас-Вегас, США, Північна Америка, 42, 25-50 років, з родиною, 300, 10, 18 
421, Лаутока, Фіджі, Океанія, 0.7, 25-50 років,з родиною, 160, 7, 0.2 
422, Лафайєт, США, Північна Америка, 2.5, 25-50 років,з родиною, 150, 8, 0.4 
423, Лахті, Фінляндія, Європа, 1, 25-50 років,без родини, 200, 9, 0.5 
424, Левука, Фіджі, Океанія, 0.6, 25-50 років,з родиною, 160, 7, 0.2 
425, Лейк-Чарльз, США, Північна Америка, 1, 25-50 років,з родиною, 120, 8, 0.15 
426, Лейпциг, Німеччина, Європа, 5, 25-50 років, з родиною, 220, 10, 2.5 
427, Лексан, Швеція, Європа, 0.9, 25-50 років,з родиною, 190, 8, 0.4 
428, Лексінгтон, США, Північна Америка, 3, 25-50 років,з родиною, 160, 9, 0.5 
429, Лерда, Німеччина, Європа, 0.2, 20-60 років, з родиною, 90, 19, 0.2 
430, Лестер, Англія, Великобританія, Європа, 1, 25-50 років, з родиною, 180, 20, 0.9 
431, Липецьк, Росія, Європа, 0.5, 25-50 років, з родиною, 110, 15, 0.3 
432, Лібек, Німеччина, Європа, 0.2, 20-60 років, з родиною, 90, 19, 0.2 
433, Ліберія, Коста-Рика, Центральна Америка, 1, 25-50 років, з родиною, 150, 15, 1 
434, Лібревіль, Габон, Африка, 1, 25-50 років, з родиною, 100, 7, 0.5 
435, Ліверпуль, Великобританія, Європа, 0.4, 30-40 років, з родиною, 90, 20, 0.4 
436, Ліверпуль, Великобританія, Європа, 5, 25-50 років, з родиною, 230, 10, 3 
437, Лілле, Швеція, Європа, 1.5, 25-50 років,з родиною, 180, 8, 0.6 
438, Ліллехаммер, Норвегія, Європа, 2, 25-50 років,з родиною, 210, 9, 0.7 
439, Лілль, Франція, Європа, 1.5, 25-50 років, з родиною, 160, 10, 1.2 
440, Лілонгве, Малаві, Африка, 1, 25-50 років, з родиною, 120, 8, 0.6 
441, Ліма, Перу, Південна Америка, 10, 25-50 років, з родиною, 150, 10, 4 
442, Лімасол, Кіпр, Європа, 1, 25-50 років, з родиною, 200, 10, 0.3 
443, Лінкольн, Англія, Великобританія, Європа, 0.1, 25-50 років,з родиною, 150, 20, 0.15 
444, Лінчепінг, Швеція, Європа, 1.5, 25-50 років,без родини, 190, 8, 0.6 
445, Ліон, Франція, Європа, 3, 25-50 років, з родиною, 200, 10, 1.5 
446, Лісабон, Португалія, Європа, 12, 25-50 років, з родиною, 200, 10, 4 
447, Літл-Рок, США, Північна Америка, 2, 25-50 років,з родиною, 130, 8, 0.3 
448, Ліфука, Тонга, Океанія, 0.3, 25-50 років,з родиною, 150, 6, 0.1 
449, Ллангуллен, Уельс, Великобританія, Європа, 0.1, 25-50 років,з родиною, 120, 20, 0.1 
450, Ловран, Хорватія, Європа, 0.3, 20-40 років, з родиною, 90, 13, 0.2 
451, Лодзь, Польща, Європа, 1.5, 25-50 років, з родиною, 130, 10, 0.4 
452, Лозанна, Швейцарія, Європа, 1, 25-50 років, з родиною, 250, 10, 0.5 
453, Ломе, Того, Африка, 1, 25-50 років, з родиною, 110, 7, 0.5 
454, Лонг-Біч, США, Північна Америка, 3, 25-50 років,з родиною, 160, 8, 0.6 
455, Лонгйїр, Норвегія, Європа, 0.6, 25-50 років,без родини, 220, 10, 0.3 
456, Лондон, Велика Британія, Європа, 30, 18-45 років, без родини, 280, 20, 30 
457, Лорду-Хау-Айленд, Австралія, Океанія, 0.2, 25-50 років,з родиною, 180, 8, 0.1 
458, Лос-Анджелес, США, Північна Америка, 45, 20-45 років, без родини, 350, 15, 25 
459, Луангпрабанг, Лаос, Азія, 1.5, 25-50 років, з родиною, 90, 6, 0.7 
460, Луанда, Ангола, Африка, 1.5, 25-50 років, з родиною, 130, 7, 0.7 
461, Луксор, Єгипет, Африка, 3, 25-50 років, з родиною, 170, 15, 2 
462, Лулео, Швеція, Європа, 1, 25-50 років,без родини, 190, 8, 0.5 
463, Лусака, Замбія, Африка, 1.5, 25-50 років, з родиною, 120, 7, 0.6 
464, Лутон, Англія, Великобританія, Європа, 0.1, 25-50 років,з родиною, 150, 20, 0.4 
465, Луцьк, Україна, Європа, 0.5, 25-50 років, з родиною, 90, 10, 0.05 
466, Лхаса, Китай, Азія, 2, 25-50 років, з родиною, 180, 15, 1.5 
467, Львів, Україна, Європа, 2.5, 25-50 років, з родиною, 160, 15, 1.5 
468, Льєж, Бельгія, Європа, 1, 25-50 років, з родиною, 120, 10, 0.4 
469, Любляна, Словенія, Європа, 2, 25-50 років, з родиною, 190, 10, 1.5 
470, Люксембург, Люксембург, Європа, 2, 25-50 років, без родини, 250, 20, 1 
471, Люнебург, Німеччина, Європа, 0.2, 20-50 років, з родиною, 90, 19, 0.2 
472, Магдебург, Німеччина, Європа, 0.3, 20-60 років, з родиною, 90, 19, 0.3 
473, Магнітогорськ, Росія, Європа, 0.5, 25-50 років, з родиною, 110, 15, 0.3 
474, Маджуро, Маршаллові Острови, Океанія, 0.5, 25-50 років,з родиною, 150, 6, 0.2 
475, Мадрид, Іспанія, Європа, 15, 25-50 років, з родиною, 250, 10, 8 
476, Мае, Сейшели, Африка, 1.5, 25-50 років, з родиною, 400, 15, 1.5 
477, Майнц, Німеччина, Європа, 0.1, 20-60 років, з родиною, 100, 19, 0.2 
478, Майо, Нові Гебриди, Океанія, 0.3, 25-50 років,з родиною, 160, 7, 0.15 
479, Майотта, Французькі Острови, Океанія, 0.5, 25-50 років,з родиною, 160, 7, 0.2 
480, Мак-Аллен, США, Північна Америка, 1, 25-50 років,з родиною, 110, 8, 0.1 
481, Макао, Китай, Азія, 10, 25-50 років, без родини, 300, 12, 7 
482, Макасар, Індонезія, Азія, 2, 25-50 років, з родиною, 130, 15, 1.5 
483, Малабо, Екваторіальна Гвінея, Африка, 0.5, 25-50 років, з родиною, 110, 15, 0.5 
484, Малага, Іспанія, Європа, 3, 25-50 років, без родини, 170, 12, 1.2 
485, Мале, Мальдіви, Азія, 3, 25-50 років, з родиною, 300, 15, 6 
486, Мальме, Швеція, Європа, 1.5, 25-50 років, з родиною, 150, 10, 0.5 
487, Манагуа, Нікарагуа, Центральна Америка, 2, 25-50 років, з родиною, 130, 15, 1.5 
488, Манама, Бахрейн, Близький Схід, 2.5, 25-50 років, з родиною, 230, 12, 2.5 
489, Манаус, Бразилія, Південна Америка, 2, 25-50 років, з родиною, 150, 15, 2 
490, Мандалай, М'янма, Азія, 1.5, 25-50 років, з родиною, 90, 6, 0.6 
491, Маніла, Філіппіни, Азія, 6, 25-50 років, з родиною, 140, 8, 3 
492, Маніхікі, Острови Кука, Океанія, 0.2, 25-50 років,з родиною, 150, 6, 0.1 
493, Мануа, Американське Самоа, Океанія, 0.2, 25-50 років,з родиною, 140, 6, 0.1 
494, Манус, Бразилія, Південна Америка, 1.5, 25-50 років, з родиною, 120, 8, 0.8 
495, Манчестер, Великобританія, Європа, 10, 25-50 років, з родиною, 250, 10, 5 
496, Манчестер, США, Північна Америка, 2, 25-50 років,з родиною, 150, 8, 0.35 
497, Мапуту, Мозамбік, Африка, 1.5, 25-50 років, з родиною, 130, 8, 0.8 
498, Маракайбо, Венесуела, Південна Америка, 1.5, 25-50 років, з родиною, 130, 15, 1 
499, Маракеш, Марокко, Африка, 6, 25-50 років, без родини, 180, 7, 3 
500, Марієхамн, Фінляндія, Європа, 1, 25-50 років,з родиною, 190, 8, 0.5 
501, Марсель, Франція, Європа, 3.5, 25-50 років, з родиною, 220, 10, 2.5 
502, Маскат, Оман, Близький Схід, 3, 25-50 років, з родиною, 260, 12, 3 
503, Массачусетс, США, Північна Америка, 1.5, 25-50 років,з родиною, 130, 8, 0.6 
504, Мауке, Острови Кука, Океанія, 0.3, 25-50 років,з родиною, 160, 7, 0.15 
505, Махачкала, Росія, Європа, 0.5, 25-50 років, з родиною, 120, 15, 0.5 
506, Мацуйяма, Японія, Азія, 1, 25-50 років, з родиною, 200, 15, 1 
507, Маямі, США, Північна Америка, 10, 20-50 років, без родини, 300, 12, 7 
508, Медан, Індонезія, Азія, 3, 25-50 років, з родиною, 140, 15, 2 
509, Медельїн, Колумбія, Південна Америка, 3, 25-50 років, без родини, 130, 8, 1 
510, Медина, Саудівська Аравія, Близький Схід, 7, 25-50 років, з родиною, 300, 15, 6 
511, Медісон, США, Північна Америка, 3, 25-50 років,з родиною, 160, 9, 0.5 
512, Мекка, Саудівська Аравія, Близький Схід, 7, 25-50 років, з родиною, 300, 15, 8 
513, Меларен, Швеція, Європа, 1, 25-50 років,без родини, 190, 8, 0.5 
514, Мельбурн, Австралія, Океанія, 8, 25-50 років, з родиною, 280, 10, 5.5 
515, Мемінген, Німеччина, Європа, 0.2, 20-60 років, з родиною, 90, 19, 0.2 
516, Мемфіс, США, Північна Америка, 5, 25-50 років,з родиною, 170, 8, 1.3 
517, Мендоса, Аргентина, Південна Америка, 1.5, 25-50 років, з родиною, 140, 15, 1 
518, Меріда, Мексика, Північна Америка, 1.5, 25-50 років, з родиною, 170, 15, 1.5 
519, Мехікалі, Мексика, Північна Америка, 1.5, 25-50 років, з родиною, 150, 15, 1.5 
520, Мехіко, Мексика, Північна Америка, 6, 30-50 років, з родиною, 100, 12, 2 
521, Миколаїв, Україна, Європа, 1, 25-50 років, з родиною, 120, 10, 0.1 
522, Мідлсбро, Англія, Великобританія, Європа, 0.1, 25-50 років,з родиною, 150, 20, 0.2 
523, Мілан, Італія, Європа, 8, 25-45 років, без родини, 220, 15, 4 
524, Мілвокі, США, Північна Америка, 5, 25-50 років,з родиною, 160, 8, 1.2 
525, Міннеаполіс, США, Північна Америка, 10, 25-50 років,з родиною, 170, 8, 3 
526, Мінськ, Білорусь, Європа, 3, 25-50 років, з родиною, 150, 15, 2 
527, Міссула, США, Північна Америка, 1, 25-50 років,з родиною, 120, 8, 0.15 
528, Мобіл, США, Північна Америка, 1, 25-50 років,з родиною, 120, 8, 0.2 
529, Могадішо, Сомалі, Африка, 1, 25-50 років, з родиною, 80, 7, 0.4 
530, Момбаса, Кенія, Африка, 3, 25-50 років, з родиною, 150, 15, 2 
531, Монреаль, Канада, Північна Америка, 4, 25-50 років, без родини, 270, 12, 2 
532, Монровія, Ліберія, Африка, 1, 25-50 років, з родиною, 110, 7, 0.5 
533, Монтгомері, США, Північна Америка, 1.5, 25-50 років,з родиною, 130, 8, 0.25 
534, Монтевідео, Уругвай, Південна Америка, 2, 25-50 років, з родиною, 150, 8, 1 
535, Монтего-Бей, Ямайка, Океанія, 2.5, 25-50 років, з родиною, 220, 8, 1.5 
536, Монтеррей, Мексика, Північна Америка, 4, 25-50 років, з родиною, 170, 15, 4 
537, Монтреаль, Канада, Північна Америка, 4, 25-50 років, з родиною, 200, 15, 5 
538, Морунга, Мадагаскар, Африка, 0.8, 25-50 років, з родиною, 100, 8, 0.5 
539, Москва, Росія, Європа, 15, 25-50 років, з родиною, 280, 15, 12 
540, Мосс, Норвегія, Європа, 1, 25-50 років,з родиною, 210, 9, 0.5 
541, Моту-о-Айа, Острови Кука, Океанія, 0.3, 25-50 років,з родиною, 160, 7, 0.15 
542, Мулава, Швеція, Європа, 0.9, 25-50 років,з родиною, 180, 8, 0.4 
543, Мумбаї, Індія, Азія, 9, 25-50 років, без родини, 140, 10, 3.5 
544, Мускат, Оман, Близький Схід, 2, 25-50 років, з родиною, 280, 15, 2.5 
545, Мюнстер, Німеччина, Європа, 0.2, 20-30 років, з родиною, 90, 19, 0.2 
546, Мюнхен, Німеччина, Європа, 8, 25-50 років, з родиною, 260, 10, 4.5 
547, М'яньянг, Китай, Азія, 5, 25-50 років, з родиною, 150, 15, 3 
548, Нагасакі, Японія, Азія, 1.5, 25-50 років, з родиною, 220, 15, 1.5 
549, Найробі, Кенія, Африка, 4, 25-50 років, з родиною, 120, 7, 1.5 
550, Нанкін, Китай, Азія, 9, 25-50 років, з родиною, 190, 15, 5 
551, Нант, Франція, Європа, 1.5, 25-50 років, з родиною, 180, 10, 0.5 
552, Наньчан, Китай, Азія, 5, 25-50 років, з родиною, 160, 15, 3 
553, Нара, Японія, Азія, 3, 25-50 років, з родиною, 240, 15, 7 
554, Нарвік, Норвегія, Європа, 1, 25-50 років,без родини, 230, 10, 0.5 
555, Нассау, Багамські Острови, Океанія, 2, 25-50 років, з родиною, 300, 10, 1.8 
556, Науру, Океанія, 0.3, 25-50 років,з родиною, 150, 6, 0.1 
557, Находка, Росія, Азія, 0.1, 25-50 років, з родиною, 100, 15, 0.2 
558, Нджамена, Чад, Африка, 1, 25-50 років, з родиною, 90, 7, 0.4 
559, Неаполь, Італія, Європа, 10, 25-50 років, з родиною, 220, 10, 5 
560, Нешвілл, США, Північна Америка, 8, 25-50 років,з родиною, 190, 8, 2.5 
561, Нижній Новгород, Росія, Європа, 1.3, 25-50 років, з родиною, 150, 15, 1.2 
562, Нижньовартовськ, Росія, Європа, 0.5, 25-50 років, з родиною, 110, 15, 0.3 
563, Ніамей, Нігер, Африка, 1, 25-50 років, з родиною, 90, 7, 0.4 
564, Нікосія, Кіпр, Європа, 1, 25-50 років, з родиною, 170, 10, 0.3 
565, Нінбо, Китай, Азія, 7, 25-50 років, з родиною, 180, 15, 4 
566, Нінь Бінь, В'єтнам, Азія, 1, 25-50 років, з родиною, 110, 15, 0.8 
567, Ніуе, Океанія, 0.5, 25-50 років,з родиною, 170, 7, 0.2 
568, Ніцца, Франція, Європа, 3, 25-50 років, без родини, 220, 20, 1 
569, Новосибірськ, Росія, Європа, 1.5, 25-50 років, з родиною, 160, 15, 1.5 
570, Ноксвілл, США, Північна Америка, 3, 25-50 років,з родиною, 140, 8, 0.5 
571, Норич, Англія, Великобританія, Європа, 0.3, 25-50 років,з родиною, 170, 20, 0.4 
572, Норфолк, США, Північна Америка, 1.5, 25-50 років,з родиною, 130, 8, 0.6 
573, Норфолк-Айленд, Австралія, Океанія, 0.6, 25-50 років,з родиною, 180, 7, 0.2 
574, Ноттінгем, Англія, Великобританія, Європа, 1.2, 25-50 років, з родиною, 190, 20, 1 
575, Нуакшот, Мавританія, Африка, 1, 25-50 років, з родиною, 90, 7, 0.4 
576, Нукалофа, Тонга, Океанія, 0.5, 25-50 років,з родиною, 150, 6, 0.2 
577, Нумеа, Нова Каледонія, Океанія, 1.5, 25-50 років,з родиною, 180, 7, 0.4 
578, Нурсултан (Астана), Казахстан, Азія, 2, 25-50 років, без родини, 140, 10, 0.9 
579, Ньюарк, США, Північна Америка, 1, 25-50 років,з родиною, 130, 8, 0.6 
580, Нью-Йорк, США, Північна Америка, 35, 20-50 років, без родини, 400, 15, 25 
581, Ньюкасл, Англія, Великобританія, Європа, 1.5, 25-50 років,з родиною, 200, 20, 1.5 
582, Нью-Орлеан, США, Північна Америка, 10, 25-50 років,з родиною, 200, 8, 3 
583, Ньюпорт, Уельс, Великобританія, Європа, 0.1, 25-50 років,з родиною, 140, 20, 0.2 
584, Нью-Хейвен, США, Північна Америка, 2.5, 25-50 років,з родиною, 160, 9, 0.4 
585, Нюкебінг, Данія, Європа, 0.8, 25-50 років,з родиною, 190, 8, 0.3 
586, Нюрнберг, Німеччина, Європа, 0.5, 20-60 років, з родиною, 80, 19, 0.3 
587, Нячанг, В'єтнам, Азія, 3, 25-50 років, з родиною, 130, 15, 2 
588, Оахака, Мексика, Північна Америка, 2, 25-50 років, з родиною, 150, 15, 2 
589, Огдена, США, Північна Америка, 1, 25-50 років,з родиною, 120, 8, 0.1 
590, Оденсе, Данія, Європа, 2, 25-50 років,з родиною, 180, 8, 0.7 
591, Одеса, Україна, Європа, 2, 20-60 років, з родиною, 170, 15, 1.5 
592, Окінава, Японія, Азія, 5, 25-50 років, з родиною, 240, 15, 4 
593, Оклахома-Сіті, США, Північна Америка, 6, 25-50 років,з родиною, 150, 8, 1.5 
594, Окленд, Нова Зеландія, Океанія, 1.5, 25-50 років, з родиною, 210, 10, 0.6 
595, Оксфорд, Великобританія, Європа, 2.5, 25-60 років, з родиною, 230, 10, 2.5 
596, Олбані, США, Північна Америка, 3, 25-50 років,з родиною, 140, 8, 0.5 
597, Олесунд, Норвегія, Європа, 0.9, 25-50 років,без родини, 220, 10, 0.5 
598, Омськ, Росія, Європа, 1, 25-50 років, з родиною, 140, 15, 0.9 
599, Оран, Алжир, Африка, 2, 25-50 років, з родиною, 140, 7, 1 
600, Ораховаць, Чорногорія, Європа, 0.1, 20-45 років, з родиною, 85, 10, 0.2 
601, Оребро, Швеція, Європа, 1.5, 25-50 років,з родиною, 180, 8, 0.6 
602, Орел, Росія, Європа, 0.2, 25-50 років, з родиною, 120, 15, 0.3 
603, Орландо, США, Північна Америка, 6, 20-40 років, з родиною, 300, 12, 5 
604, Орхус, Данія, Європа, 4, 25-50 років,з родиною, 210, 9, 0.9 
605, Осака, Японія, Азія, 12, 18-60 років, з родиною, 280, 10, 18 
606, Осієк, Хорватія, Європа, 0.2, 20-40 років, з родиною, 120, 13, 0.2 
607, Осло, Норвегія, Європа, 3, 25-50 років, без родини, 240, 18, 1.2 
608, Осло, Норвегія, Європа, 7, 25-50 років,з родиною, 240, 11, 1.7 
609, Остін, США, Північна Америка, 12, 25-50 років,з родиною, 180, 8, 3 
610, Острава, Чехія, Європа, 1, 25-50 років, з родиною, 110, 10, 0.2 
611, Острови Кермадек, Нова Зеландія, Океанія, 0.3, 25-50 років,з родиною, 140, 6, 0.1 
612, Острови Маккуорі, Австралія, Океанія, 0.2, 25-50 років,з родиною, 160, 7, 0.1 
613, Острови Чатем, Нова Зеландія, Океанія, 0.5, 25-50 років,з родиною, 170, 7, 0.2 
614, Остромад, Україна, Європа, 1, 25-50 років, з родиною, 100, 10, 0.1 
615, Оттава, Канада, Північна Америка, 2, 25-50 років, з родиною, 220, 10, 1.5 
616, Оушен-Сіті, США, Північна Америка, 2, 25-50 років,з родиною, 150, 8, 0.35 
617, Охрид, Північна Македонія, Європа, 1, 25-50 років, з родиною, 110, 10, 0.2 
618, Очо-Ріос, Ямайка, Океанія, 2, 25-50 років, з родиною, 170, 15, 2 
619, Пагопаго, Американське Самоа, Океанія, 0.5, 25-50 років,з родиною, 150, 6, 0.2 
620, Палермо, Італія, Європа, 2, 25-50 років, без родини, 160, 15, 0.9 
621, Палм-Біч, США, Північна Америка, 3, 25-50 років,з родиною, 200, 8, 0.6 
622, Палмерстон-Айленд, Острови Кука, Океанія, 0.3, 25-50 років,з родиною, 150, 6, 0.1 
623, Панама-Сіті, Панама, Центральна Америка, 3, 25-50 років, з родиною, 150, 15, 3 
624, Парамарибо, Суринам, Південна Америка, 1, 25-50 років, з родиною, 120, 7, 0.5 
625, Париж, Франція, Європа, 38, 25-50 років, без родини, 300, 20, 10 
626, Пасадена, США, Північна Америка, 2.5, 25-50 років,без родини, 160, 9, 0.5 
627, Паскагула, США, Північна Америка, 1, 25-50 років,з родиною, 120, 8, 0.1 
628, Пассау, Німеччина, Європа, 0.2, 20-60 років, без родини, 90, 19, 0.2 
629, Паттайя, Таїланд, Азія, 6, 25-50 років, без родини, 150, 10, 3 
630, Паттан, Непал, Азія, 1, 25-50 років, без родини, 80, 5, 0.4 
631, Пекін, Китай, Азія, 20, 25-50 років, з родиною, 300, 10, 15 
632, Пенанг, Малайзія, Азія, 3, 25-50 років, з родиною, 160, 15, 2 
633, Пенрит, Англія, Великобританія, Європа, 0.1, 25-50 років,з родиною, 150, 20, 0.2 
634, Пенсакола, США, Північна Америка, 1, 25-50 років,з родиною, 120, 8, 0.1 
635, Пеорія, США, Північна Америка, 1, 25-50 років,з родиною, 120, 8, 0.15 
636, Пераст, Чорногорія, Чорногорія, Європа, 0.1, 20-45 років, з родиною, 65, 10, 0.1 
637, Перт, Австралія, Океанія, 2, 25-50 років, з родиною, 230, 10, 1.2 
638, Петра, Йорданія, Близький Схід, 1, 25-50 років, без родини, 180, 10, 1 
639, Петрозаводськ, Росія, Європа, 0.3, 25-50 років, з родиною, 120, 15, 0.4 
640, Північний Лас-Вегас, США, Північна Америка, 2, 25-50 років,з родиною, 130, 8, 0.3 
641, Піза, Італія, Європа, 2, 25-50 років, з родиною, 180, 10, 0.5 
642, Пітерсбург, США, Північна Америка, 2, 25-50 років,з родиною, 140, 8, 0.6 
643, Пітсбург, США, Північна Америка, 6, 25-50 років,з родиною, 150, 8, 2 
644, Плая-дель-Кармен, Мексика, Північна Америка, 2.5, 25-50 років, без родини, 190, 15, 2.5 
645, Плзень, Чехія, Європа, 0.5, 25-50 років, з родиною, 90, 10, 0.2 
646, Плімута, Англія, Великобританія, Європа, 0.3, 25-50 років,з родиною, 160, 20, 0.4 
647, Пномпень, Камбоджа, Азія, 2, 25-50 років, з родиною, 90, 6, 0.6 
648, Подгориця, Чорногорія, Європа, 1, 25-50 років, з родиною, 150, 10, 0.8 
649, Познань, Польща, Європа, 1.2, 25-50 років, з родиною, 120, 10, 0.3 
650, Порвоо, Фінляндія, Європа, 1, 25-50 років,без родини, 200, 9, 0.5 
651, Пореч, Хорватія, Європа, 0.2, 20-40 років, з родиною, 90, 13, 0.2 
652, Порт-Віла, Вануату, Океанія, 1, 25-50 років,з родиною, 170, 7, 0.3 
653, Портленд (Мейн), США, Північна Америка, 3, 25-50 років,з родиною, 150, 8, 0.45 
654, Портленд, США, Північна Америка, 5, 25-50 років, з родиною, 260, 10, 4 
655, Порт-Луї, Маврикій, Африка, 1, 25-50 років, без родини, 180, 10, 0.9 
656, Порт-Морсбі, Папуа Нова Гвінея, Океанія, 1, 25-50 років,з родиною, 170, 7, 0.3 
657, Порто, Португалія, Європа, 2, 25-50 років, з родиною, 180, 10, 0.5 
658, Порт-о-Пренс, Гаїті, Океанія, 2, 25-50 років, з родиною, 130, 15, 1.5 
659, Порт-оф-Спейн, Тринідад і Тобаго, Океанія, 1.5, 25-50 років, з родиною, 230, 10, 0.9 
660, Портсмут, Англія, Великобританія, Європа, 0.1, 25-50 років,з родиною, 160, 20, 0.3 
661, Порту-Алегрі, Бразилія, Південна Америка, 2.5, 25-50 років, з родиною, 150, 15, 2 
662, Порт-Харкорт, Нігерія, Африка, 1.5, 25-50 років, з родиною, 150, 7, 1 
663, Потсдам, Німеччина, Європа, 0.2, 20-70 років, з родиною, 90, 19, 0.2 
664, Прага, Чехія, Європа, 10, 25-50 років, з родиною, 200, 10, 4 
665, Преторія, ПАР, Африка, 2, 25-50 років, з родиною, 170, 10, 1.5 
666, Приштина, Косово, Європа, 0.5, 25-50 років, з родиною, 80, 15, 0.2 
667, Пуерто-Вальярта, Мексика, Північна Америка, 2, 20-40 років, з родиною, 200, 10, 1 
668, Пуерто-Монтт, Чилі, Південна Америка, 1, 25-50 років, з родиною, 140, 15, 1 
669, Пуерто-Плата, Домініканська Республіка, Океанія, 2, 25-50 років, з родиною, 150, 7, 1 
670, Пула, Хорватія, Європа, 0.2, 20-40 років, з родиною, 90, 13, 0.2 
671, Пунта-Кана, Домініканська Республіка, Океанія, 4, 25-50 років, без родини, 190, 15, 4 
672, Пхеньян, Північна Корея, Азія, 1, 25-50 років, без родини, 200, 5, 0.7 
673, Пхохан, Південна Корея, Азія, 1, 25-50 років, з родиною, 140, 15, 1 
674, Пхукет, Таїланд, Азія, 8, 20-40 років, з родиною, 150, 8, 3 
675, Рабат, Марокко, Африка, 3, 25-50 років, з родиною, 160, 7, 1.8 
676, Раіатеа, Французька Полінезія, Океанія, 0.4, 25-50 років,з родиною, 170, 7, 0.2 
677, Раквере, Фінляндія, Європа, 1, 25-50 років,з родиною, 210, 9, 0.5 
678, Рангироа, Французька Полінезія, Океанія, 0.4, 25-50 років,з родиною, 170, 7, 0.2 
679, Рангун, М'янма, Азія, 6, 25-50 років, з родиною, 110, 15, 4 
680, Рапід-Сіті, США, Північна Америка, 1.5, 25-50 років,з родиною, 130, 8, 0.2 
681, Раройя, Французька Полінезія, Океанія, 0.3, 25-50 років,з родиною, 160, 7, 0.15 
682, Раронга, Острови Кука, Океанія, 0.6, 25-50 років,з родиною, 170, 7, 0.25 
683, Раротонга, Острови Кука, Океанія, 1, 25-50 років,з родиною, 230, 9, 0.4 
684, Раума, Фінляндія, Європа, 1.5, 25-50 років,без родини, 200, 9, 0.6 
685, Регенсбург, Німеччина, Європа, 0.2, 20-60 років, з родиною, 110, 19, 0.2 
686, Рейк'явік, Ісландія, Європа, 2, 25-50 років, без родини, 350, 20, 1.2 
687, Рейк'явік, Ісландія, Європа, 6, 25-50 років,без родини, 250, 11, 1.4 
688, Ренфру, Шотландія, Великобританія, Європа, 0.1, 25-50 років,з родиною, 130, 20, 0.15 
689, Ресіфе, Бразилія, Південна Америка, 2, 25-50 років, з родиною, 130, 8, 1 
690, Рига, Латвія, Європа, 2, 25-50 років, з родиною, 130, 10, 0.6 
691, Рим, Італія, Європа, 10, 25-60 років, без родини, 180, 15, 5 
692, Рієка, Хорватія, Європа, 1, 25-50 років, з родиною, 150, 10, 0.2 
693, Різер, Норвегія, Європа, 0.7, 25-50 років,з родиною, 210, 9, 0.3 
694, Ріно, США, Північна Америка, 2, 25-50 років,з родиною, 160, 8, 0.6 
695, Ріо-де-Жанейро, Бразилія, Південна Америка, 7, 25-50 років, без родини, 160, 10, 3 
696, Річмонд, США, Північна Америка, 3, 25-50 років,з родиною, 160, 8, 0.6 
697, Ріяд, Саудівська Аравія, Близький Схід, 4, 25-50 років, з родиною, 270, 15, 4 
698, Рованіемі, Фінляндія, Європа, 2.5, 25-50 років,з родиною, 210, 9, 0.8 
699, Ровань, Хорватія, Європа, 0.2, 20-40 років, з родиною, 120, 13, 0.2 
700, Родос, Греція, Європа, 1, 25-50 років, з родиною, 150, 10, 0.3 
701, Розо, Домініка, Океанія, 1, 25-50 років, з родиною, 160, 15, 1 
702, Рокфорд, США, Північна Америка, 2, 25-50 років,з родиною, 150, 8, 0.35 
703, Росаріо, Аргентина, Південна Америка, 1.5, 25-50 років, з родиною, 150, 15, 1.5 
704, Ростов-на-Дону, Росія, Європа, 1.1, 25-50 років, з родиною, 140, 15, 0.9 
705, Росток, Німеччина, Європа, 0.2, 20-30 років, з родиною, 90, 19, 0.2 
706, Ротерва, Нова Зеландія, Океанія, 1, 25-50 років,з родиною, 200, 8, 0.3 
707, Роттердам, Нідерланди, Європа, 1.5, 25-50 років, з родиною, 180, 10, 0.5 
708, Ротума, Фіджі, Океанія, 0.4, 25-50 років,з родиною, 150, 6, 0.1 
709, Рочестер, Англія, Великобританія, Європа, 0.1, 25-50 років,з родиною, 150, 20, 0.2 
710, Рюдесхайм, Німеччина, Європа, 0.2, 20-40 років, безз родини, 90, 19, 0.2 
711, Рюкан, Норвегія, Європа, 0.6, 25-50 років,без родини, 220, 10, 0.3 
712, Рязань, Росія, Європа, 0.5, 25-50 років, з родиною, 130, 15, 0.5 
713, Ряшів, Польща, Європа, 1, 25-50 років, з родиною, 110, 10, 0.2 
714, Саарбрюкен, Німеччина, Європа, 0.2, 20-60 років, з родиною, 90, 19, 0.2 
715, Савана, США, Північна Америка, 5, 25-50 років,з родиною, 180, 8, 1.2 
716, Сакраменто, США, Північна Америка, 3, 25-50 років,з родиною, 150, 8, 0.6 
717, Салоніки, Греція, Європа, 1.5, 25-50 років, з родиною, 190, 10, 0.4 
718, Салфорд, Англія, Великобританія, Європа, 0.1, 25-50 років,з родиною, 130, 20, 0.15 
719, Сальвадор, Бразилія, Південна Америка, 3, 25-50 років, з родиною, 140, 8, 1.5 
720, Самара, Росія, Європа, 1.2, 25-50 років, з родиною, 140, 15, 1 
721, Самарканд, Узбекистан, Азія, 2, 25-50 років, без родини, 120, 10, 0.8 
722, Сана, Ємен, Близький Схід, 1, 25-50 років, з родиною, 90, 6, 0.5 
723, Сан-Антоніо, США, Північна Америка, 15, 25-50 років,з родиною, 170, 8, 4 
724, Сандерленд, Англія, Великобританія, Європа, 0.1, 25-50 років, з родиною, 150, 20, 0.4 
725, Сан-Дієго, США, Північна Америка, 15, 25-50 років, з родиною, 280, 10, 9 
726, Санднес, Норвегія, Європа, 0.8, 25-50 років,з родиною, 210, 9, 0.4 
727, Санкт-Галлен, Швейцарія, Європа, 0.3, 25-50 років, з родиною, 200, 10, 0.2 
728, Санкт-Петербург, Росія, Європа, 8, 25-50 років, з родиною, 260, 15, 6 
729, Сан-Луіс-Обіспо, США, Північна Америка, 1, 25-50 років,з родиною, 140, 8, 0.6 
730, Сан-Луїс, США, Північна Америка, 4, 25-50 років,з родиною, 170, 8, 0.6 
731, Сан-Луїс-Потосі, Мексика, Північна Америка, 2, 25-50 років, з родиною, 150, 15, 2 
732, Сан-Паулу, Бразилія, Південна Америка, 5, 25-50 років, з родиною, 160, 10, 3 
733, Сан-Сальвадор, Сальвадор, Центральна Америка, 1.5, 25-50 років, з родиною, 100, 5, 0.7 
734, Санта-Барбара, США, Північна Америка, 4, 25-50 років,без родини, 180, 10, 0.7 
735, Санта-Круз, Болівія, Південна Америка, 3, 25-50 років, з родиною, 130, 10, 0.4 
736, Санта-Фе, США, Північна Америка, 2, 25-50 років,з родиною, 140, 8, 0.3 
737, Санто-Домінго, Домініканська Республіка, Океанія, 3, 25-50 років, з родиною, 160, 7, 1.5 
738, Сантьяго, Чилі, Південна Америка, 7, 25-50 років, з родиною, 200, 10, 3.5 
739, Сан-Франциско, США, Північна Америка, 25, 25-50 років, з родиною, 320, 10, 15 
740, Сан-Хосе, США, Північна Америка, 3, 25-50 років, з родиною, 200, 10, 2 
741, Сан-Хуан, Пуерто-Рико, Океанія, 3, 25-50 років, з родиною, 240, 10, 2 
742, Саппоро, Японія, Азія, 3, 25-50 років, з родиною, 240, 15, 2 
743, Сараєво, Боснія і Герцеговина, Європа, 1.5, 25-50 років, з родиною, 160, 10, 1 
744, Саранськ, Росія, Європа, 0.5, 25-50 років, з родиною, 110, 15, 0.3 
745, Сарасота, США, Північна Америка, 3, 25-50 років,з родиною, 160, 9, 0.5 
746, Саратов, Росія, Європа, 1, 25-50 років, з родиною, 130, 15, 0.8 
747, Саров, Росія, Європа, 0.5, 25-50 років, з родиною, 120, 15, 0.3 
748, Сарпсборг, Норвегія, Європа, 0.8, 25-50 років,без родини, 210, 9, 0.4 
749, Сассуоло, Італія, Європа, 1, 25-50 років, з родиною, 180, 10, 0.4 
750, Саутгемптон, Великобританія, Європа, 0.8, 25-60 років, з родиною, 90, 20, 0.3 
751, Саутенд-он-Сі, Англія, Великобританія, Європа, 0.1, 25-50 років,з родиною, 150, 20, 0.2 
752, Сахалін, Росія, Азія, 0.5, 25-50 років, з родиною, 130, 15, 0.3 
753, Светлогорськ, Росія, Європа, 0.5, 25-50 років, з родиною, 90, 15, 0.1 
754, Себу, Філіппіни, Азія, 4, 25-50 років, з родиною, 130, 8, 2 
755, Севілья, Іспанія, Європа, 4, 25-50 років, без родини, 180, 12, 1.5 
756, Селфорд, Англія, Великобританія, Європа, 0.1, 25-50 років,з родиною, 150, 20, 0.4 
757, Семерсет, Англія, Великобританія, Європа, 0.1, 25-50 років,з родиною, 120, 20, 0.1 
758, Сеніца, Хорватія, Європа, 0.2, 20-40 років, з родиною, 70, 13, 0.2 
759, Сент-Дені, Реюньйон, Африка, 0.9, 25-50 років, без родини, 170, 10, 0.8 
760, Сент-Джонс, Антигуа і Барбуда, Океанія, 1.5, 25-50 років, з родиною, 170, 15, 1.5 
761, Сент-Етьєн, Франція, Європа, 1, 25-50 років, з родиною, 140, 10, 0.3 
762, Сент-Клауд, США, Північна Америка, 1.2, 25-50 років,з родиною, 130, 8, 0.15 
763, Сент-Луїс, США, Північна Америка, 5, 25-50 років,з родиною, 150, 8, 1.5 
764, Сент-Пол, США, Північна Америка, 5, 25-50 років,з родиною, 160, 8, 1.5 
765, Сеул, Південна Корея, Азія, 10, 25-50 років, з родиною, 260, 10, 12 
766, Сиктивкар, Росія, Європа, 0.2, 25-50 років, з родиною, 100, 15, 0.2 
767, Сіань, Китай, Азія, 9, 25-50 років, з родиною, 180, 15, 5 
768, Сігішольм, Ісландія, Європа, 1.5, 25-50 років,без родини, 240, 11, 0.7 
769, Сігтуна, Швеція, Європа, 0.8, 25-50 років,з родиною, 200, 9, 0.4 
770, Сідней, Австралія, Океанія, 15, 25-50 років, з родиною, 300, 10, 6 
771, Сіетл, США, Північна Америка, 20, 25-50 років,з родиною, 240, 8, 5.5 
772, Сієм Ріп, Камбоджа, Азія, 4, 25-50 років, з родиною, 130, 15, 2.5 
773, Сієна, Італія, Європа, 1, 25-50 років, з родиною, 160, 10, 0.3 
774, Сінгапур, Сінгапур, Азія, 18, 25-45 років, без родини, 220, 7, 6 
775, Сірак'юс, США, Північна Америка, 2, 25-50 років,з родиною, 130, 8, 0.3 
776, Сіудад-Хуарес, Мексика, Північна Америка, 3, 25-50 років, без родини, 160, 15, 3 
777, Скансгольмен, Норвегія, Європа, 0.8, 25-50 років,з родиною, 200, 9, 0.4 
778, Скарборо, Англія, Великобританія, Європа, 0.1, 25-50 років,з родиною, 140, 20, 0.2 
779, Скогнес, Норвегія, Європа, 0.7, 25-50 років,з родиною, 210, 9, 0.3 
780, Скоп'є, Північна Македонія, Європа, 1, 25-50 років, з родиною, 140, 10, 0.7 
781, Скрентон, США, Північна Америка, 1, 25-50 років,з родиною, 120, 8, 0.1 
782, Слуй, Хорватія, Європа, 0.2, 20-40 років, з родиною, 90, 13, 0.2 
783, Смоленськ, Росія, Європа, 0.2, 25-50 років, з родиною, 120, 15, 0.4 
784, Согндал, Норвегія, Європа, 0.8, 25-50 років,з родиною, 210, 9, 0.4 
785, Солна, Швеція, Європа, 1.5, 25-50 років, з родиною, 140, 10, 0.4 
786, Солсбері, Англія, Великобританія, Європа, 0.1, 25-50 років,з родиною, 150, 20, 0.3 
787, Сопот, Польща, Європа, 1, 25-50 років, з родиною, 170, 10, 0.2 
788, Софія, Болгарія, Європа, 3, 25-50 років, з родиною, 150, 10, 0.4 
789, Сочі, Росія, Європа, 5, 25-50 років, з родиною, 150, 10, 1.5 
790, Спліт, Хорватія, Європа, 3, 25-50 років, з родиною, 180, 10, 0.6 
791, Спрингфілд, США, Північна Америка, 1.5, 25-50 років,з родиною, 120, 8, 0.2 
792, Ставангер, Норвегія, Європа, 1.5, 25-50 років,з родиною, 220, 10, 0.7 
793, Стамбул, Туреччина, Європа, 20, 25-50 років, з родиною, 220, 10, 10 
794, Старий Оскол, Росія, Європа, 0.2, 25-50 років, з родиною, 110, 15, 0.3 
795, Стокгольм, Швеція, Європа, 8, 25-50 років, з родиною, 300, 10, 6 
796, Стокпорт, Англія, Великобританія, Європа, 0.3, 25-50 років,з родиною, 150, 20, 0.4 
797, Страндфьорд, Норвегія, Європа, 0.7, 25-50 років,з родиною, 210, 9, 0.3 
798, Стремстад, Швеція, Європа, 0.9, 25-50 років,з родиною, 190, 8, 0.4 
799, Судбери, Англія, Великобританія, Європа, 0.1, 25-50 років,з родиною, 120, 20, 0.1 
800, Сукре, Болівія, Південна Америка, 1.5, 25-50 років, з родиною, 100, 7, 0.6 
801, Сукхотай, Таїланд, Азія, 1, 25-50 років, з родиною, 120, 15, 1 
802, Сундсвалл, Швеція, Європа, 1, 25-50 років,з родиною, 190, 8, 0.5 
803, Суонборг, Норвегія, Європа, 0.7, 25-50 років,з родиною, 210, 9, 0.3 
804, Супетар, Хорватія, Європа, 0.2, 20-40 років, з родиною, 110, 13, 0.3 
805, Сурабая, Індонезія, Азія, 5, 25-50 років, з родиною, 150, 15, 3.5 
806, Суравакар, Індія, Азія, 9, 25-50 років, з родиною, 120, 15, 2 
807, Сутоморе, Чорногорія, Чорногорія, Європа, 0.1, 20-45 років, з родиною, 65, 10, 0.2 
808, Су-Фоллс, США, Північна Америка, 1.8, 25-50 років,з родиною, 140, 8, 0.3 
809, Сучжоу, Китай, Азія, 8, 25-50 років, з родиною, 170, 15, 4 
810, Сфакс, Туніс, Африка, 1.5, 25-50 років, з родиною, 140, 7, 0.9 
811, Сьодертельє, Швеція, Європа, 1, 25-50 років,без родини, 190, 8, 0.5 
812, Сяминь, Китай, Азія, 4, 25-50 років, з родиною, 160, 15, 3 
813, Таверу, Острови Кука, Океанія, 0.2, 25-50 років,з родиною, 150, 6, 0.1 
814, Тавеуні, Фіджі, Океанія, 0.4, 25-50 років,з родиною, 160, 7, 0.15 
815, Тайбей, Тайвань, Азія, 6, 25-50 років, без родини, 160, 8, 2.5 
816, Тайлер, США, Північна Америка, 1, 25-50 років,з родиною, 120, 8, 0.15 
817, Такамацу, Японія, Азія, 1.5, 25-50 років, з родиною, 210, 15, 1.5 
818, Таллахассі, США, Північна Америка, 2, 25-50 років,з родиною, 150, 8, 0.4 
819, Таллінн, Естонія, Європа, 1.5, 25-50 років, з родиною, 140, 10, 0.4 
820, Талса, США, Північна Америка, 4, 25-50 років,з родиною, 150, 8, 0.6 
821, Тамбов, Росія, Європа, 0.2, 25-50 років, з родиною, 110, 15, 0.3 
822, Тампа, США, Північна Америка, 12, 25-50 років,з родиною, 170, 8, 3.5 
823, Тампере, Фінляндія, Європа, 1, 25-50 років,без родини, 200, 9, 0.5 
824, Тангалоа, Самоа, Океанія, 0.5, 25-50 років,з родиною, 170, 7, 0.2 
825, Танжер, Марокко, Африка, 2.5, 25-50 років, з родиною, 160, 7, 1.5 
826, Тарава, Кірибаті, Океанія, 0.6, 25-50 років,з родиною, 170, 7, 0.15 
827, Тарту, Естонія, Європа, 0.3, 25-50 років, з родиною, 100, 10, 0.1 
828, Тауер-Гамлетс, Англія, Великобританія, Європа, 0.1, 25-50 років,з родиною, 130, 20, 0.15 
829, Тауна, Вануату, Океанія, 0.5, 25-50 років,з родиною, 150, 6, 0.15 
830, Тахаа, Французька Полінезія, Океанія, 0.3, 25-50 років,з родиною, 160, 7, 0.15 
831, Ташкент, Узбекистан, Азія, 2, 25-50 років, без родини, 110, 10, 0.7 
832, Тбілісі, Грузія, Європа, 4, 25-50 років, з родиною, 150, 10, 1.8 
833, Твер, Росія, Європа, 0.2, 25-50 років, з родиною, 120, 15, 0.4 
834, Тегеран, Іран, Близький Схід, 4, 25-50 років, з родиною, 120, 8, 1.5 
835, Тегу, Південна Корея, Азія, 3, 25-50 років, з родиною, 180, 15, 2.5 
836, Тегусігальпа, Гондурас, Центральна Америка, 2, 25-50 років, з родиною, 90, 5, 0.6 
837, Тель-Авів, Ізраїль, Близький Схід, 3, 25-45 років, без родини, 250, 15, 1.5 
838, Темпл, США, Північна Америка, 1, 25-50 років,з родиною, 120, 8, 0.15 
839, Терріф, Шотландія, Великобританія, Європа, 0.1, 25-50 років,з родиною, 130, 20, 0.15 
840, Тетфілд, Англія, Великобританія, Європа, 0.1, 25-50 років,з родиною, 110, 20, 0.08 
841, Тиват, Чорногорія, Європа, 0.1, 20-45 років, з родиною, 85, 10, 0.2 
842, Тирана, Албанія, Європа, 1, 25-50 років, з родиною, 80, 15, 0.5 
843, Тіві Острови, Австралія, Океанія, 0.6, 25-50 років,з родиною, 200, 8, 0.2 
844, Тікехау, Французька Полінезія, Океанія, 0.3, 25-50 років,з родиною, 160, 7, 0.15 
845, Тімбу, Бутан, Азія, 1, 25-50 років, з родиною, 160, 15, 0.8 
846, Тіхуана, Мексика, Північна Америка, 3, 25-50 років, без родини, 160, 15, 3 
847, Токелау, Нова Зеландія, Океанія, 0.2, 25-50 років,з родиною, 140, 6, 0.1 
848, Токіо, Японія, Азія, 12, 25-50 років, без родини, 250, 10, 8 
849, Толуко, Мексика, Північна Америка, 2, 25-50 років, з родиною, 150, 15, 2 
850, Тонгарева, Острови Кука, Океанія, 0.5, 25-50 років,з родиною, 160, 7, 0.15 
851, Тонгатапу, Тонга, Океанія, 0.7, 25-50 років,з родиною, 160, 7, 0.25 
852, Торонто, Канада, Північна Америка, 5, 25-45 років, без родини, 250, 13, 2 
853, Торонто, США, Північна Америка, 10, 25-50 років,з родиною, 200, 8, 3.5 
854, Торсхавн, Данія, Європа, 0.8, 25-50 років,з родиною, 200, 9, 0.4 
855, Торунь, Польща, Європа, 1, 25-50 років, з родиною, 120, 10, 0.2 
856, Тояма, Японія, Азія, 1, 25-50 років, з родиною, 200, 15, 1 
857, Траверс-Сіті, США, Північна Америка, 1, 25-50 років,з родиною, 120, 8, 0.15 
858, Трелі, Уельс, Великобританія, Європа, 0.1, 25-50 років,з родиною, 140, 20, 0.2 
859, Трентон, США, Північна Америка, 1.5, 25-50 років,з родиною, 140, 8, 0.2 
860, Триполі, Лівія, Африка, 1, 25-50 років, з родиною, 100, 7, 0.6 
861, Трівандрум, Індія, Азія, 1.5, 25-50 років, з родиною, 100, 7, 0.6 
862, Трієст, Італія, Європа, 1.5, 25-50 років, з родиною, 170, 10, 0.3 
863, Тріполі, Лівія, Африка, 2, 25-50 років, з родиною, 150, 7, 1.2 
864, Тріп-Сітіс, США, Північна Америка, 2, 25-50 років,з родиною, 140, 8, 0.3 
865, Трір, Німеччина, Європа, 0.5, 25-50 років, з родиною, 120, 10, 0.2 
866, Трогір, Хорватія, Європа, 0.3, 20-40 років, з родиною, 90, 13, 0.2 
867, Тролльхеттан, Швеція, Європа, 0.9, 25-50 років,з родиною, 190, 8, 0.4 
868, Тромсе, Норвегія, Європа, 2, 25-50 років,без родини, 230, 10, 0.8 
869, Тронгейм, Норвегія, Європа, 3, 25-50 років,без родини, 220, 10, 0.8 
870, Туамоту, Французька Полінезія, Океанія, 0.6, 25-50 років,з родиною, 180, 7, 0.25 
871, Тувалу, Фунафуті, Океанія, 0.2, 25-50 років,з родиною, 150, 6, 0.1 
872, Тула, Росія, Європа, 0.2, 25-50 років, з родиною, 120, 15, 0.5 
873, Тулуз, Франція, Європа, 2, 25-50 років, з родиною, 180, 10, 1.5 
874, Тумба, Швеція, Європа, 0.7, 25-50 років,з родиною, 190, 8, 0.3 
875, Тумон, Гуам, Океанія, 1, 25-50 років,з родиною, 170, 7, 0.4 
876, Туніс, Туніс, Африка, 2, 25-50 років, з родиною, 140, 7, 0.9 
877, Турин, Італія, Європа, 3, 25-50 років, з родиною, 220, 10, 1.5 
878, Турку, Фінляндія, Європа, 3, 25-50 років,з родиною, 200, 9, 0.9 
879, Тусон, США, Північна Америка, 3, 25-50 років,з родиною, 140, 8, 0.6 
880, Тюбінген, Німеччина, Європа, 0.2, 20-60 років, з родиною, 90, 19, 0.2 
881, Тюмень, Росія, Європа, 1.2, 25-50 років, з родиною, 120, 10, 0.3 
882, Тяньцзінь, Китай, Азія, 8, 25-50 років, з родиною, 190, 15, 5 
883, Уагадугу, Буркіна-Фасо, Африка, 1.5, 25-50 років, з родиною, 120, 7, 0.6 
884, Убонратчатані, Таїланд, Азія, 3, 25-50 років, з родиною, 150, 15, 2 
885, Увеа, Волліс і Футуна, Океанія, 0.4, 25-50 років,з родиною, 160, 7, 0.15 
886, Уилмингтон, США, Північна Америка, 1, 25-50 років,з родиною, 120, 8, 0.15 
887, Улан-Батор, Монголія, Азія, 1, 25-50 років, без родини, 100, 6, 0.5 
888, Улан-Уде, Росія, Азія, 0.2, 25-50 років, з родиною, 130, 15, 0.5 
889, Уллевол, Швеція, Європа, 0.8, 25-50 років,без родини, 200, 9, 0.4 
890, Уппсала, Швеція, Європа, 2, 25-50 років,з родиною, 190, 8, 0.7 
891, Урумчі, Китай, Азія, 4, 25-50 років, з родиною, 160, 15, 3 
892, Утрехт, Нідерланди, Європа, 1.2, 25-50 років, з родиною, 160, 10, 0.3 
893, Уфа, Росія, Європа, 1, 25-50 років, з родиною, 130, 15, 0.9 
894, Ухань, Китай, Азія, 4, 25-50 років, з родиною, 150, 8, 2 
895, Фаа, Французька Полінезія, Океанія, 1.8, 25-50 років,без родини, 260, 10, 0.7 
896, Факарава, Французька Полінезія, Океанія, 0.5, 25-50 років,з родиною, 170, 7, 0.2 
897, Фаравай, Тонга, Океанія, 0.3, 25-50 років,з родиною, 160, 7, 0.1 
898, Фарго, США, Північна Америка, 1, 25-50 років,з родиною, 130, 8, 0.15 
899, Фарнборо, Англія, Великобританія, Європа, 0.1, 25-50 років,з родиною, 130, 20, 0.15 
900, Фельдкірх, Німеччина, Європа, 0.2, 20-60 років, з родиною, 90, 19, 0.2 
901, Фельдхолл, Англія, Великобританія, Європа, 0.1, 25-50 років,з родиною, 120, 20, 0.1 
902, Фенікс, США, Північна Америка, 4, 25-50 років, з родиною, 200, 10, 2.5 
903, Фіджі, Сува, Океанія, 2, 25-50 років,з родиною, 180, 7, 0.5 
904, Філадельфія, США, Північна Америка, 10, 25-50 років, з родиною, 250, 10, 6 
905, Флоренція, Італія, Європа, 5, 25-50 років, з родиною, 230, 10, 2.5 
906, Форталеза, Бразилія, Південна Америка, 2, 25-50 років, з родиною, 130, 8, 1 
907, Форт-Коллінз, США, Північна Америка, 2, 25-50 років,з родиною, 150, 8, 0.35 
908, Форт-Лодердейл, США, Північна Америка, 6, 25-50 років,з родиною, 180, 10, 1.8 
909, Форт-Майєрс, США, Північна Америка, 2.5, 25-50 років,з родиною, 160, 9, 0.4 
910, Форт-Сміт, США, Північна Америка, 1, 25-50 років,з родиною, 120, 8, 0.15 
911, Форт-Уерт, США, Північна Америка, 5, 25-50 років,з родиною, 160, 8, 1.2 
912, Фрайбург, Німеччина, Європа, 1, 25-50 років, з родиною, 160, 10, 0.5 
913, Франкфурт, Німеччина, Європа, 10, 25-50 років, з родиною, 240, 10, 5 
914, Фредеріксберг, Данія, Європа, 2, 25-50 років,з родиною, 190, 8, 0.8 
915, Фредеріксхавн, Данія, Європа, 0.8, 25-50 років,з родиною, 190, 8, 0.3 
916, Фредеріція, Данія, Європа, 0.9, 25-50 років,без родини, 200, 9, 0.4 
917, Фредрікстад, Норвегія, Європа, 0.7, 25-50 років,з родиною, 210, 9, 0.3 
918, Фресно, США, Північна Америка, 2, 25-50 років,з родиною, 150, 8, 0.6 
919, Фрітаун, Сьєрра-Леоне, Африка, 1, 25-50 років, з родиною, 120, 7, 0.6 
920, Фукуока, Японія, Азія, 4, 25-50 років, з родиною, 250, 15, 3 
921, Фунафуті, Тувалу, Океанія, 0.5, 25-50 років,з родиною, 170, 7, 0.2 
922, Фунгателе, Тонга, Океанія, 0.4, 25-50 років,з родиною, 160, 7, 0.15 
923, Футуна, Волліс і Футуна, Океанія, 0.3, 25-50 років,з родиною, 150, 6, 0.1 
924, Фучжоу, Китай, Азія, 5, 25-50 років, з родиною, 170, 15, 4 
925, Хабаровськ, Росія, Азія, 0.2, 25-50 років, з родиною, 140, 15, 0.7 
926, Хайфа, Ізраїль, Близький Схід, 1.5, 25-50 років, з родиною, 240, 15, 1.5 
927, Хайфонг, В'єтнам, Азія, 1.5, 25-50 років, з родиною, 130, 15, 1 
928, Хакодате, Японія, Азія, 1.5, 25-50 років, з родиною, 220, 15, 1 
929, Халл, Англія, Великобританія, Європа, 0.3, 25-50 років, з родиною, 150, 20, 0.4 
930, Халонг, В'єтнам, Азія, 2, 25-50 років, з родиною, 120, 15, 1.5 
931, Хаммарсунд, Норвегія, Європа, 0.7, 25-50 років,з родиною, 210, 9, 0.3 
932, Ханой, В'єтнам, Азія, 6, 20-45 років, з родиною, 90, 5, 2 
933, Хантсвілл, США, Північна Америка, 1.5, 25-50 років,з родиною, 130, 8, 0.2 
934, Ханчжоу, Китай, Азія, 9, 25-50 років, з родиною, 160, 15, 5 
935, Ханья, Греція, Європа, 1, 25-50 років, з родиною, 180, 10, 0.3 
936, Хараре, Зімбабве, Африка, 1.5, 25-50 років, з родиною, 140, 8, 0.9 
937, Харбін, Китай, Азія, 6, 25-50 років, з родиною, 170, 15, 4 
938, Харків, Україна, Європа, 1.5, 25-50 років, з родиною, 120, 10, 0.2 
939, Хартум, Судан, Африка, 1.5, 25-50 років, з родиною, 100, 7, 0.6 
940, Хартфорд, США, Північна Америка, 3, 25-50 років,з родиною, 150, 8, 0.5 
941, Хельсінкі, Фінляндія, Європа, 7, 25-50 років,без родини, 220, 10, 1.3 
942, Хендерсон-Айленд, Піткерн, Океанія, 0.3, 25-50 років,з родиною, 160, 7, 0.15 
943, Херефорд, Англія, Великобританія, Європа, 0.1, 25-50 років,з родиною, 150, 20, 0.2 
944, Херон-Айленд, Австралія, Океанія, 0.3, 25-50 років,з родиною, 190, 8, 0.1 
945, Херсон, Україна, Європа, 1, 25-50 років, з родиною, 110, 10, 0.2 
946, Хефей, Китай, Азія, 5, 25-50 років, з родиною, 160, 15, 3 
947, Хілтон-Хед-Айленд, США, Північна Америка, 2, 25-50 років,з родиною, 140, 8, 0.3 
948, Хіросіма, Японія, Азія, 2, 25-50 років, з родиною, 230, 15, 2 
949, Хіросіма, Японія, Азія, 3, 25-50 років, без родини, 200, 10, 2 
950, Хокксунд, Норвегія, Європа, 0.7, 25-50 років,з родиною, 210, 9, 0.3 
951, Хомс, Сирія, Близький Схід, 0.8, 25-50 років, з родиною, 140, 10, 0.4 
952, Хонолулу, США, Північна Америка, 6, 25-50 років,без родини, 200, 10, 2 
953, Хошимін, В'єтнам, Азія, 7, 25-45 років, з родиною, 110, 7, 2.5 
954, Хуахін, Таїланд, Азія, 3, 25-50 років, з родиною, 160, 15, 2.5 
955, Хургада, Єгипет, Африка, 6, 25-50 років, з родиною, 170, 10, 3 
956, Хюе, В'єтнам, Азія, 2, 25-50 років, з родиною, 120, 15, 1 
957, Цетине, Чорногорія, Європа, 0.1, 20-45 років, з родиною, 65, 10, 0.2 
958, Цзінань, Китай, Азія, 6, 25-50 років, з родиною, 170, 15, 4 
959, Циндао, Китай, Азія, 6, 25-50 років, з родиною, 170, 15, 4 
960, Цинциннаті, США, Північна Америка, 7, 25-50 років,з родиною, 160, 8, 2.5 
961, Цюріх, Швейцарія, Європа, 3, 25-50 років, з родиною, 350, 10, 2 
962, Чанчунь, Китай, Азія, 5, 25-50 років, з родиною, 160, 15, 3 
963, Чанша, Китай, Азія, 8, 25-50 років, з родиною, 180, 15, 5 
964, Чарлстон, США, Північна Америка, 4, 25-50 років,без родини, 180, 10, 0.8 
965, Чаттануга, США, Північна Америка, 2, 25-50 років,з родиною, 130, 8, 0.3 
966, Чебоксари, Росія, Європа, 0.2, 25-50 років, з родиною, 110, 15, 0.3 
967, Чеджу, Південна Корея, Азія, 5, 25-50 років, з родиною, 200, 15, 3 
968, Челмсфорд, Англія, Великобританія, Європа, 0.1, 25-50 років,з родиною, 130, 20, 0.15 
969, Челябинськ, Росія, Європа, 1, 25-50 років, з родиною, 130, 15, 0.8 
970, Ченганг, Китай, Азія, 3, 25-50 років, з родиною, 150, 15, 2 
971, Ченду, Китай, Азія, 5, 25-50 років, з родиною, 140, 8, 2.5 
972, Ченнаї, Індія, Азія, 4, 25-50 років, з родиною, 120, 7, 1.5 
973, Честер, Англія, Великобританія, Європа, 0.2, 25-50 років,з родиною, 160, 20, 0.3 
974, Чженчжоу, Китай, Азія, 7, 25-50 років, з родиною, 180, 15, 4 
975, Чианграй, Таїланд, Азія, 2, 25-50 років, з родиною, 140, 15, 1.5 
976, Чикаго, США, Північна Америка, 50, 25-50 років, з родиною, 300, 10, 20 
977, Чикаго-Хайтс, США, Північна Америка, 2, 25-50 років,з родиною, 140, 8, 0.3 
978, Читтагонг, Бангладеш, Азія, 1.5, 25-50 років, з родиною, 90, 7, 0.6 
979, Чіангмай, Таїланд, Азія, 2, 25-50 років, без родини, 120, 10, 1 
980, Чонбурі, Таїланд, Азія, 4, 25-50 років, з родиною, 170, 15, 3 
981, Чорногорія, Подгорица, Європа, 0.5, 25-50 років, з родиною, 90, 15, 0.2 
982, Чунцін, Китай, Азія, 11, 25-50 років, з родиною, 190, 15, 6 
983, Чхонджу, Південна Корея, Азія, 2, 25-50 років, з родиною, 160, 15, 1.5 
984, Шампейн, США, Північна Америка, 1, 25-50 років,з родиною, 120, 8, 0.15 
985, Шанхай, Китай, Азія, 10, 25-45 років, без родини, 200, 10, 5 
986, Шаосін, Китай, Азія, 4, 25-50 років, з родиною, 160, 15, 3 
987, Шарджа, ОАЕ, Близький Схід, 2, 25-50 років, з родиною, 280, 15, 2.5 
988, Шарлотсвілл, США, Північна Америка, 1, 25-50 років,з родиною, 130, 8, 0.15 
989, Шарлотт, США, Північна Америка, 10, 25-50 років,з родиною, 170, 8, 3.5 
990, Шарм-ель-Шейх, Єгипет, Африка, 5, 25-50 років, з родиною, 190, 10, 3.5 
991, Шверін, Німеччина, Європа, 0.2, 20-45 років, з родиною, 80, 19, 0.2 
992, Шеньчжень, Китай, Азія, 16, 25-50 років, з родиною, 180, 15, 18 
993, Шеньян, Китай, Азія, 6, 25-50 років, з родиною, 170, 15, 4 
994, Шибеник, Хорватія, Європа, 0.4, 20-40 років, з родиною, 90, 13, 0.32 
995, Шривпорт, США, Північна Америка, 2, 25-50 років,з родиною, 150, 8, 0.4 
996, Шри-Джаяварденепура-Коте, Шрі-Ланка, Азія, 4, 25-50 років, з родиною, 170, 15, 2 
997, Штутгарт, Німеччина, Європа, 3, 25-50 років, з родиною, 220, 10, 1.8 
998, Янгонг, М'янма, Азія, 2, 25-50 років, з родиною, 120, 15, 1.5 
999, Янгстаун, США, Північна Америка, 1, 25-50 років,з родиною, 120, 8, 0.15 
1000, Яунде, Камерун, Африка, 1.5, 25-50 років, з родиною, 110, 7, 0.7 
