Місто, Країна, Регіон, Кл-ть туристів (млн), Середній вік туриста, З родиною чи без, Вартість одного дня ($), Податки (%), Прибуток міста (млрд $)
Аалборг, Данія, Європа, 2, 25-50 років,без родини, 210, 9, 0.8 
Абердин, США, Північна Америка, 1, 25-50 років,з родиною, 120, 8, 0.1 
Абіджан, Кот-д'Івуар, Африка, 2, 25-50 років, з родиною, 120, 7, 0.8 
Абу-Дабі, ОАЕ, Азія, 10, 25-50 років, з родиною, 320, 15, 5 
Абуджа, Нігерія, Африка, 3, 25-50 років, без родини, 100, 5, 1 
Аваруа, Острови Кука, Океанія, 0.8, 25-50 років,з родиною, 160, 7, 0.25 
Агне, Норвегія, Європа, 0.7, 25-50 років,без родини, 210, 9, 0.3 
Агра, Індія, Азія, 3, 25-50 років, без родини, 100, 7, 1 
Адана, Туреччина, Європа, 2, 25-50 років, з родиною, 160, 10, 1 
Аддис-Абеба, Ефіопія, Африка, 3, 25-50 років, з родиною, 110, 7, 1 
Аделаїда, Австралія, Океанія, 1.5, 25-50 років, з родиною, 220, 10, 1 
Акапулько, Мексика, Північна Америка, 2.5, 25-50 років, з родиною, 160, 15, 2.5 
Акерсберга, Швеція, Європа, 0.8, 25-50 років,з родиною, 190, 8, 0.3 
Акерсхус, Норвегія, Європа, 1.5, 25-50 років,без родини, 220, 10, 0.6 
Акра, Гана, Африка, 2, 25-50 років, з родиною, 130, 7, 0.9 
Акра, Ефіопія, Африка, 2.5, 25-50 років, з родиною, 150, 15, 1.5 
Акрон, США, Північна Америка, 1.5, 25-50 років,з родиною, 130, 8, 0.2 
Албукерке, США, Північна Америка, 1.5, 25-50 років,з родиною, 140, 8, 0.6 
Александрія, Єгипет, Африка, 4, 25-50 років, з родиною, 160, 10, 2.5 
Александрія, США, Північна Америка, 2.5, 25-50 років,з родиною, 160, 9, 0.4 
Алжир, Алжир, Африка, 2, 25-50 років, з родиною, 90, 5, 0.8 
Аліканте, Іспанія, Європа, 2.5, 25-50 років, з родиною, 150, 10, 0.5 
Алмати, Казахстан, Азія, 2, 25-50 років, з родиною, 140, 7, 1 
Амара-Ліло, США, Північна Америка, 1.5, 25-50 років,з родиною, 130, 8, 0.2 
Амієн, Франція, Європа, 1, 25-50 років, з родиною, 150, 10, 0.2 
Амман, Йорданія, Близький Схід, 3, 25-50 років, з родиною, 200, 12, 2 
Амстердам, Нідерланди, Європа, 7, 20-45 років, без родини, 250, 18, 3 
Анаа, Французька Полінезія, Океанія, 0.4, 25-50 років,з родиною, 160, 7, 0.15 
Ангкоридж, США, Північна Америка, 2, 25-50 років,з родиною, 150, 8, 0.4 
Анкара, Туреччина, Європа, 4, 25-50 років, з родиною, 180, 10, 2.5 
Анкор-Ват, Камбоджа, Азія, 2, 25-50 років, без родини, 100, 6, 0.8 
Анкоридж, США, Північна Америка, 3, 25-50 років,з родиною, 170, 8, 0.5 
Анталія, Туреччина, Європа, 10, 25-50 років, з родиною, 190, 10, 5 
Антананаріву, Мадагаскар, Африка, 1, 25-50 років, з родиною, 120, 7, 0.5 
Антігуа, Гватемала, Центральна Америка, 1, 25-50 років, з родиною, 130, 15, 1 
Аораі-Тахіті, Французька Полінезія, Океанія, 0.8, 25-50 років,з родиною, 180, 7, 0.3 
Апія, Самоа, Океанія, 1, 25-50 років,з родиною, 150, 6, 0.3 
Арвіка, Швеція, Європа, 1, 25-50 років,з родиною, 190, 8, 0.5 
Арекипа, Перу, Південна Америка, 1.5, 25-50 років, з родиною, 130, 10, 0.3 
Арендал, Норвегія, Європа, 0.7, 25-50 років,з родиною, 210, 9, 0.3 
Асмара, Еритрея, Африка, 1, 25-50 років, з родиною, 90, 7, 0.4 
Астана, Казахстан, Азія, 1.5, 25-50 років, з родиною, 130, 7, 0.9 
Астрахань, Росія, Європа, 1, 25-50 років, з родиною, 120, 10, 0.2 
Асунсьйон, Парагвай, Південна Америка, 2, 25-50 років, з родиною, 130, 7, 0.9 
Атланта, США, Північна Америка, 7, 25-50 років, з родиною, 240, 10, 4.5 
Атуа, Самоа, Океанія, 0.4, 25-50 років,з родиною, 160, 7, 0.15 
Аугсбург, Німеччина, Європа, 0.9, 20-60 років, з родиною, 85, 19, 0.67 
Аугустін, США, Північна Америка, 2, 25-50 років,з родиною, 150, 8, 0.4 
Аур, Маршаллові Острови, Океанія, 0.2, 25-50 років,з родиною, 150, 6, 0.1 
Афіни, Греція, Європа, 6, 25-50 років, без родини, 170, 15, 2 
Ашхабад, Туркменістан, Азія, 1.5, 25-50 років, без родини, 100, 10, 0.6 
Баку, Азербайджан, Азія, 3, 25-50 років, без родини, 150, 10, 1 
Балі, Індонезія, Азія, 7, 25-50 років, з родиною, 140, 8, 2.5 
Балтимор, США, Північна Америка, 8, 25-50 років,з родиною, 180, 8, 3 
Бамако, Малі, Африка, 1.5, 25-50 років, з родиною, 120, 7, 0.7 
Бамберг, Німеччина, Європа, 0.4, 20-60 років, з родиною, 80, 19, 0.28 
Бамборо, Англія, Великобританія, Європа, 0.1, 25-50 років,з родиною, 120, 20, 0.1 
Бангалор, Індія, Азія, 3.5, 25-50 років, з родиною, 130, 7, 1.3 
Бангві, Центральноафриканська Республіка, Африка, 1, 25-50 років, з родиною, 80, 7, 0.4 
Бангкок, Таїланд, Азія, 22, 25-50 років, з родиною, 200, 10, 10 
Бангора, Уельс, Великобританія, Європа, 0.1, 25-50 років,з родиною, 130, 20, 0.15 
Бандар-Сері-Бегаван, Бруней, Азія, 1.5, 25-50 років, без родини, 200, 5, 1 
Банджул, Гамбія, Африка, 1, 25-50 років, з родиною, 100, 7, 0.5 
Бандунг, Індонезія, Азія, 3, 25-50 років, з родиною, 140, 15, 2 
Барранкілья, Колумбія, Південна Америка, 2, 25-50 років, з родиною, 120, 8, 0.9 
Барселона, Іспанія, Європа, 15, 25-50 років, з родиною, 300, 10, 10 
Бастер, Сент-Кітс і Невіс, Океанія, 1, 25-50 років, з родиною, 160, 15, 1 
Батон-Руж, США, Північна Америка, 4, 25-50 років,з родиною, 150, 8, 0.7 
Батуми, Грузія, Європа, 1.5, 25-50 років, з родиною, 120, 10, 0.2 
Бейрут, Ліван, Близький Схід, 3, 25-50 років, без родини, 230, 12, 3 
Белград, Сербія, Європа, 2.5, 25-50 років, з родиною, 160, 10, 1.5 
Беліз-Сіті, Беліз, Центральна Америка, 1.5, 25-50 років, з родиною, 140, 15, 1 
Белу-Оризонті, Бразилія, Південна Америка, 2, 25-50 років, з родиною, 130, 8, 1 
Белфаст, Північна Ірландія, Європа, 1.5, 25-50 років, з родиною, 180, 10, 0.7 
Бенгазі, Лівія, Африка, 1.5, 25-50 років, з родиною, 140, 7, 0.9 
Бенгальору, Індія, Азія, 12, 25-50 років, з родиною, 180, 15, 4 
Бендик, США, Північна Америка, 1, 25-50 років,з родиною, 130, 8, 0.6 
Бенідорм, Іспанія, Європа, 3, 25-50 років, з родиною, 160, 10, 0.8 
Бергена, Норвегія, Європа, 1.2, 25-50 років, з родиною, 230, 10, 0.5 
Берлін, Німеччина, Європа, 5, 20-50 років, без родини, 200, 18, 3 
Бетфорд, Англія, Великобританія, Європа, 0.1, 25-50 років,з родиною, 120, 20, 0.1 
Бирмингем, Англія, Європа, 0.3, 20-60 років, з родиною, 110, 20,  0.33 
Біллінгс, США, Північна Америка, 1.5, 25-50 років,з родиною, 120, 8, 0.2 
Білоксі, США, Північна Америка, 1, 25-50 років,з родиною, 120, 8, 0.1 
Білосток, Польща, Європа, 1, 25-50 років, з родиною, 120, 10, 0.2 
Бінгемтон, США, Північна Америка, 1.5, 25-50 років,з родиною, 140, 8, 0.6 
Бірмінгем, Великобританія, Європа, 7, 25-50 років, з родиною, 220, 10, 4 
Бірмінгем, США, Північна Америка, 5, 25-50 років,з родиною, 140, 8, 1 
Бішкек, Киргизстан, Азія, 1, 25-50 років, з родиною, 100, 7, 0.5 
Блэкберн, Англія, Великобританія, Європа, 0.1, 25-50 років,з родиною, 130, 20, 0.15 
Богота, Колумбія, Південна Америка, 5, 25-50 років, з родиною, 140, 8, 2 
Бодо, Норвегія, Європа, 1.5, 25-50 років,без родини, 220, 10, 0.7 
Бозмен, США, Північна Америка, 1, 25-50 років,з родиною, 140, 8, 0.15 
Бойсе, США, Північна Америка, 1.8, 25-50 років,з родиною, 140, 8, 0.35 
Болонья, Італія, Європа, 6, 25-50 років, з родиною, 200, 10, 3 
Бомонт, США, Північна Америка, 1.5, 25-50 років,з родиною, 130, 8, 0.2 
Бонн, Німеччина, Європа, 1.8, 20-70, з родиною, 90, 19, 0.17 
Бора-Бора, Французька Полінезія, Океанія, 1.2, 25-50 років,без родини, 270, 10, 0.5 
Бордо, Франція, Європа, 1.5, 25-50 років, з родиною, 200, 10, 0.6 
Борлонге, Швеція, Європа, 1, 25-50 років,з родиною, 190, 8, 0.5 
Борс, Швеція, Європа, 0.8, 25-50 років,без родини, 200, 9, 0.4 
Бостон, США, Північна Америка, 20, 25-50 років, з родиною, 300, 10, 10 
Боязі, США, Північна Америка, 3, 25-50 років,з родиною, 160, 8, 0.6 
Браззавіль, Республіка Конго, Африка, 1.5, 25-50 років, з родиною, 110, 7, 0.6 
Бразиліа, Бразилія, Південна Америка, 3.5, 25-50 років, з родиною, 150, 10, 0.5 
Брайтон, Англія, Європа, 4, 20-30 років, з родиною, 110, 20, 0.36 
Братислава, Словаччина, Європа, 2, 25-50 років, з родиною, 190, 15, 1.5 
Браунсвілл, США, Північна Америка, 1, 25-50 років,з родиною, 110, 8, 0.1 
Бредфорд, Англія, Великобританія, Європа, 0.5, 25-50 років, з родиною, 160, 20, 0.6 
Бремен, Німеччина, Європа, 1.2, 20-60 років, з родиною, 95, 19, 0.9 
Бріджтаун, Барбадос, Океанія, 1.5, 25-50 років, з родиною, 250, 10, 1 
Брісбен, Австралія, Океанія, 3, 25-50 років, з родиною, 250, 10, 2 
Брісбен, США, Північна Америка, 1.8, 25-50 років,з родиною, 150, 8, 0.3 
Брістол, Англія, Великобританія, Європа, 1.3, 25-50 років, без родини, 200, 20, 1.2 
Брно, Чехія, Європа, 1.2, 25-50 років, з родиною, 130, 10, 0.3 
Брчко, Хорватія, Європа, 0.3, 20-55 років, з родиною, 70, 13, 0.3 
Брюгге, Бельгія, Європа, 3, 25-50 років, з родиною, 200, 10, 1.2 
Брюссель, Бельгія, Європа, 3, 25-50 років, без родини, 190, 18, 1.5 
Брянськ, Росія, Європа, 0.1, 25-50 років, з родиною, 120, 15, 0.4 
Будапешт, Угорщина, Європа, 10, 25-50 років, з родиною, 180, 10, 4 
Будва, Чорногорія, Європа, 0.2, 20-30 років, з родиною, 100, 10, 0.2 
Буенос-Айрес, Аргентина, Південна Америка, 6, 25-50 років, з родиною, 180, 10, 3 
Бужумбура, Бурунді, Африка, 1, 25-50 років, з родиною, 90, 7, 0.4 
Бургас, Болгарія, Європа, 1.5, 25-50 років, з родиною, 130, 10, 0.3 
Бурса, Туреччина, Азія, 3, 25-50 років, з родиною, 160, 15, 2.5 
Бусан, Південна Корея, Азія, 4, 25-50 років, без родини, 220, 10, 2 
Бухарест, Румунія, Європа, 3, 25-50 років, з родиною, 180, 10, 2 
Вайтукі, Тувалу, Океанія, 0.4, 25-50 років,з родиною, 160, 7, 0.15 
Вако, США, Північна Америка, 1.5, 25-50 років,з родиною, 130, 8, 0.2 
Ваксхо, Швеція, Європа, 1, 25-50 років,з родиною, 190, 8, 0.5 
Валенсія, Іспанія, Європа, 5, 25-50 років, з родиною, 200, 10, 2 
Вальпараїсо, Чилі, Південна Америка, 2, 25-50 років, без родини, 130, 10, 0.9 
Ванкувер, Канада, Північна Америка, 9, 25-50 років, з родиною, 250, 10, 4.5 
Вантаа, Фінляндія, Європа, 2, 25-50 років,без родини, 190, 8, 0.7 
Вану-Леву, Фіджі, Океанія, 0.5, 25-50 років,з родиною, 160, 7, 0.2 
Варадеро, Куба, Океанія, 3, 25-50 років, з родиною, 150, 5, 1.5 
Вараждин, Хорватія, Європа, 0.2, 20-45 років, з родиною, 75, 13, 0.4 
Варанасі, Індія, Азія, 7, 25-50 років, з родиною, 140, 15, 5 
Варна, Болгарія, Європа, 2, 25-50 років, з родиною, 120, 10, 0.3 
Варшава, Польща, Європа, 5, 25-50 років, з родиною, 190, 15, 3.5 
Ватикан, Італія, Європа, 5, 25-50 років, з родиною, 300, 10, 1 
Вашингтон, США, Північна Америка, 25, 25-50 років, з родиною, 300, 10, 12 
Вейле, Данія, Європа, 1, 25-50 років,з родиною, 200, 9, 0.5 
Веллінгтон, Нова Зеландія, Океанія, 0.5, 25-50 років, з родиною, 200, 10, 0.4 
Венеція, Італія, Європа, 4, 25-50 років, з родиною, 300, 10, 3 
Венеція, США, Північна Америка, 2, 25-50 років,з родиною, 150, 8, 0.3 
Верона, Італія, Європа, 3, 25-50 років, без родини, 200, 15, 1 
Вестмінстер, Англія, Великобританія, Європа, 0.1, 25-50 років,з родиною, 160, 20, 0.3 
В'єнтьян, Лаос, Азія, 1, 25-50 років, з родиною, 80, 6, 0.5 
Віго, Іспанія, Європа, 1.5, 25-50 років, з родиною, 140, 10, 0.3 
Відень, Австрія, Європа, 9, 25-50 років, з родиною, 250, 15, 7 
Вікторія, Канада, Північна Америка, 1.5, 25-50 років, з родиною, 200, 15, 2 
Вікторія, Сейшели, Африка, 0.3, 25-50 років, з родиною, 180, 15, 0.6 
Вільнюс, Литва, Європа, 1.5, 25-50 років, з родиною, 110, 10, 0.4 
Вільяермоса, Мексика, Північна Америка, 1.5, 25-50 років, з родиною, 150, 15, 1.5 
Віндгук, Намібія, Африка, 1, 25-50 років, з родиною, 160, 8, 0.8 
Вінниця, Україна, Європа, 1, 25-50 років, з родиною, 100, 10, 0.1 
Вінстон-Сейлем, США, Північна Америка, 1, 25-50 років,з родиною, 120, 8, 0.15 
Вірджинія-Біч, США, Північна Америка, 5, 25-50 років,з родиною, 170, 8, 1 
Вісбаден, Німеччина, Європа, 0.5, 25-50 років, з родиною, 140, 10, 0.2 
Вісбі, Швеція, Європа, 1, 25-50 років,без родини, 200, 9, 0.5 
Вісбю, Швеція, Європа, 1.5, 25-50 років,з родиною, 200, 9, 0.6 
Віті-Леву, Фіджі, Океанія, 0.6, 25-50 років,з родиною, 170, 7, 0.2 
Владивосток, Росія, Азія, 0.6, 25-50 років, з родиною, 150, 15, 0.8 
Вологда, Росія, Європа, 0.3, 25-50 років, з родиною, 120, 15, 0.3 
Воронеж, Росія, Європа, 1, 25-50 років, з родиною, 130, 15, 0.8 
Вроцлав, Польща, Європа, 3.5, 25-50 років, з родиною, 140, 10, 0.5 
Вулвергемптон, Англія, Великобританія, Європа, 0.3, 25-50 років,з родиною, 160, 20, 0.3 
Вунгтау, В'єтнам, Азія, 3, 25-50 років, з родиною, 140, 15, 2 
Вухань, Китай, Азія, 8, 25-50 років, з родиною, 180, 15, 5 
Гаага, Нідерланди, Європа, 2, 25-50 років, без родини, 230, 18, 1 
Габороне, Ботсвана, Африка, 1.5, 25-50 років, з родиною, 140, 7, 0.6 
Гавана, Куба, Північна Америка, 4, 30-60 років, з родиною, 100, 5, 1 
Гайдельберг, Німеччина, Європа, 0.2, 20-60 років, з родиною, 90, 19, 0.2 
Галвестон, США, Північна Америка, 3, 25-50 років,з родиною, 160, 9, 0.5 
Галден, Норвегія, Європа, 0.8, 25-50 років,з родиною, 210, 9, 0.4 
Гальмстад, Швеція, Європа, 1, 25-50 років,без родини, 180, 8, 0.5 
Гамар, Норвегія, Європа, 0.8, 25-50 років,з родиною, 200, 9, 0.4 
Гамбург, Німеччина, Європа, 6, 25-50 років, з родиною, 230, 10, 4 
Гамільтон, Бермуди, Океанія, 1, 25-50 років, без родини, 220, 15, 1 
Ганновер, Німеччина, Європа, 0.2, 20-60 років, з родиною, 90, 19, 0.5 
Гарріс, Шотландія, Великобританія, Європа, 0.2, 25-50 років,з родиною, 130, 20, 0.15 
Гаугесунн, Норвегія, Європа, 0.8, 25-50 років,з родиною, 200, 9, 0.4 
Гвадалахара, Мексика, Північна Америка, 5, 25-50 років, з родиною, 150, 15, 3 
Гватемала-Сіті, Гватемала, Центральна Америка, 2, 25-50 років, з родиною, 100, 7, 0.8 
Гданськ, Польща, Європа, 3, 25-50 років, з родиною, 150, 10, 0.5 
Гейдельберг, Німеччина, Європа, 0.2, 20-60 років, з родиною, 90, 19, 0.2 
Гейнсвілл, США, Північна Америка, 1.5, 18-35 років,без родини, 130, 8, 0.3 
Гельзенкірхен, Німеччина, Європа, 0.2, 20-60 років, з родиною, 90, 19, 0.2 
Гельсінгборг, Швеція, Європа, 1, 25-50 років,без родини, 200, 9, 0.5 
Гельсінкі, Фінляндія, Європа, 2, 25-50 років, з родиною, 200, 10, 1 
Генгель, Данія, Європа, 0.9, 25-50 років,без родини, 190, 8, 0.4 
Гент, Бельгія, Європа, 1.5, 25-50 років, з родиною, 150, 10, 0.5 
Генуя, Італія, Європа, 2, 25-50 років, з родиною, 200, 10, 0.6 
Герефорд, Англія, Великобританія, Європа, 0.1, 25-50 років,з родиною, 160, 20, 0.3 
Гетеборг, Швеція, Європа, 6, 25-50 років,з родиною, 200, 9, 1.2 
Гіресун, Туреччина, Азія, 1, 25-50 років, з родиною, 130, 15, 1 
Глазго, Великобританія, Європа, 5, 25-50 років, з родиною, 240, 10, 3.5 
Глівіце, Польща, Європа, 1.5, 25-50 років, з родиною, 110, 10, 0.1 
Глостер, Англія, Великобританія, Європа, 1, 25-50 років, з родиною, 190, 20, 1 
Гоа, Індія, Азія, 5, 20-45 років, без родини, 150, 8, 2 
Гобарт, Австралія, Океанія, 2.5, 25-50 років,з родиною, 200, 9, 0.7 
Голлівуд, США, Північна Америка, 2, 25-50 років, з родиною, 230, 10, 2.5 
Гонконг, Китай, Азія, 30, 25-50 років, з родиною, 400, 10, 25 
Гранд-Рапідс, США, Північна Америка, 3, 25-50 років,з родиною, 160, 9, 0.5 
Гранд-Форкс, США, Північна Америка, 1, 25-50 років,з родиною, 120, 8, 0.1 
Грейт-Ярмут, Англія, Великобританія, Європа, 0.1, 25-50 років, з родиною, 140, 20, 0.3 
Грейфсвальд, Німеччина, Європа, 0.2, 20-60 років, без родиною, 90, 19, 0.5 
Грімстад, Норвегія, Європа, 0.7, 25-50 років,з родиною, 210, 9, 0.3 
Грін-Бей, США, Північна Америка, 1.5, 25-50 років,з родиною, 140, 8, 0.4 
Грінвілл, США, Північна Америка, 2, 25-50 років,з родиною, 140, 8, 0.6 
Грінок, Шотландія, Великобританія, Європа, 0.1, 25-50 років,з родиною, 140, 20, 0.2 
Грінсборо, США, Північна Америка, 2, 25-50 років,з родиною, 140, 8, 0.3 
Грозний, Росія, Європа, 1, 25-50 років, з родиною, 150, 15, 0.8 
Гронінген, Норвегія, Європа, 1, 25-50 років,без родини, 230, 10, 0.6 
Гуа-Бао, М'янма, Азія, 1, 25-50 років, з родиною, 100, 15, 0.8 
Гуанчжоу, Китай, Азія, 10, 25-50 років, з родиною, 180, 15, 6 
Гуаякіль, Еквадор, Південна Америка, 2.5, 25-50 років, з родиною, 130, 15, 1.5 
Гуйлінь, Китай, Азія, 3, 25-50 років, з родиною, 150, 15, 2 
Гюмрі, Вірменія, Європа, 1, 25-50 років, з родиною, 110, 10, 0.2 
Г'юстон, США, Північна Америка, 15, 25-50 років,з родиною, 180, 8, 4.5 
Давао, Філіппіни, Азія, 2, 25-50 років, з родиною, 120, 8, 1 
Дакар, Сенегал, Африка, 2, 25-50 років, з родиною, 150, 7, 0.9 
Дакка, Бангладеш, Азія, 3, 25-50 років, з родиною, 100, 7, 1 
Далат, В'єтнам, Азія, 2, 25-50 років, з родиною, 130, 15, 1.5 
Даллас, США, Північна Америка, 8, 25-50 років, з родиною, 250, 10, 5 
Далянь, Китай, Азія, 7, 25-50 років, з родиною, 160, 15, 4 
Дамаск, Сирія, Близький Схід, 1, 25-50 років, з родиною, 250, 10, 1.5 
Дананг, В'єтнам, Азія, 2, 25-50 років, з родиною, 120, 6, 1 
Дананг, В'єтнам, Азія, 4, 25-50 років, з родиною, 140, 15, 2.5 
Данвіч, Англія, Великобританія, Європа, 0.1, 25-50 років,з родиною, 120, 20, 0.1 
Дарвін, Австралія, Океанія, 1.8, 25-50 років,з родиною, 210, 8, 0.6 
Дар-ес-Салам, Танзанія, Африка, 3, 25-50 років, з родиною, 100, 5, 1 
Делі, Індія, Азія, 20, 25-50 років, з родиною, 180, 15, 5 
Делфт, Нідерланди, Європа, 0.5, 25-50 років, з родиною, 130, 10, 0.2 
Денвер, США, Північна Америка, 5, 25-50 років, з родиною, 250, 10, 4.5 
Денпасар, Індонезія, Азія, 4, 25-50 років, з родиною, 160, 15, 3 
Дербі, Англія, Великобританія, Європа, 0.3, 25-50 років, з родиною, 140, 20, 0.4 
Дестін, США, Північна Америка, 2, 25-50 років,з родиною, 150, 8, 0.35 
Детройт, США, Північна Америка, 8, 25-50 років, з родиною, 240, 10, 5 
Джайпур, Індія, Азія, 3, 25-50 років, без родини, 110, 7, 1.2 
Джакарта, Індонезія, Азія, 5, 25-50 років, з родиною, 140, 8, 2.5 
Джексонвілл, США, Північна Америка, 15, 25-50 років,з родиною, 180, 8, 4.5 
Джидда, Саудівська Аравія, Близький Схід, 3, 25-50 років, з родиною, 260, 15, 3 
Джорджтаун, Малайзія, Азія, 2.5, 25-50 років, без родини, 130, 8, 1.2 
Джуба, Південний Судан, Африка, 1, 25-50 років, з родиною, 100, 7, 0.5 
Дніпро, Україна, Європа, 1.5, 25-50 років, з родиною, 110, 10, 0.2 
Долина Вісла, Польща, Європа, 1, 25-50 років, з родиною, 120, 10, 0.3 
Донецьк, Україна, Європа, 1.5, 25-50 років, з родиною, 110, 10, 0.2 
Дортмунд, Німеччина, Європа, 2.5, 25-50 років, з родиною, 190, 10, 1 
Доха, Катар, Близький Схід, 5, 25-50 років, без родини, 350, 15, 6 
Дрезден, Німеччина, Європа, 2, 25-50 років, з родиною, 180, 10, 1 
Дуала, Камерун, Африка, 1, 25-50 років, з родиною, 100, 7, 0.5 
Дубай, ОАЕ, Близький Схід, 15, 25-50 років, без родини, 350, 15, 12 
Дублін, Ірландія, Європа, 6, 25-50 років, з родиною, 270, 10, 4.5 
Дубровник, Хорватія, Європа, 1.5, 25-50 років, з родиною, 200, 10, 0.5 
Дурбан, ПАР, Африка, 3, 25-50 років, з родиною, 180, 10, 2 
Дурем, Англія, Великобританія, Європа, 0.4, 25-50 років,з родиною, 160, 20, 0.4 
Душанбе, Таджикистан, Азія, 1.5, 25-50 років, без родини, 90, 10, 0.5 
Евансвілл, США, Північна Америка, 1, 25-50 років,з родиною, 110, 8, 0.1 
Еверум, Швеція, Європа, 0.7, 25-50 років,без родини, 210, 9, 0.3 
Единбург, Великобританія, Європа, 4, 25-50 років, з родиною, 250, 10, 2.5 
Едісон, США, Північна Америка, 2, 25-50 років,з родиною, 150, 8, 0.3 
Едмонтон, Канада, Північна Америка, 2, 25-50 років, з родиною, 210, 15, 2.5 
Ейдсволл, Норвегія, Європа, 1, 25-50 років,з родиною, 210, 9, 0.5 
Ель-Кувейт, Кувейт, Близький Схід, 2, 25-50 років, з родиною, 220, 10, 2 
Ель-Пасо, США, Північна Америка, 3, 25-50 років,з родиною, 130, 8, 0.4 
Ельсінор, Данія, Європа, 0.8, 25-50 років,з родиною, 200, 9, 0.3 
Енсенада, Мексика, Північна Америка, 1, 25-50 років, з родиною, 140, 15, 1 
Ері, США, Північна Америка, 1, 25-50 років,з родиною, 120, 8, 0.15 
Ер-Ріяд, Саудівська Аравія, Близький Схід, 3, 25-50 років, з родиною, 290, 15, 4 
Есб'єрг, Данія, Європа, 1.5, 25-50 років,з родиною, 190, 8, 0.6 
Ескільстуна, Швеція, Європа, 1, 25-50 років,з родиною, 190, 8, 0.5 
Ессекс, США, Північна Америка, 1.5, 25-50 років,з родиною, 130, 8, 0.2 
Ессен, Німеччина, Європа, 0.2, 20-60 років, з родиною, 90, 19, 0.2 
Естерсунд, Швеція, Європа, 1, 25-50 років,без родини, 190, 8, 0.5 
Еуа, Тонга, Океанія, 0.2, 25-50 років,з родиною, 150, 6, 0.1 
Ешвілл, США, Північна Америка, 2.5, 25-50 років,з родиною, 160, 9, 0.4 
Єкатеринбург, Росія, Європа, 1.5, 25-50 років, з родиною, 170, 15, 1 
Єреван, Вірменія, Європа, 2, 25-50 років, без родини, 120, 10, 0.7 
Єрусалим, Ізраїль, Близький Схід, 4, 25-50 років, без родини, 250, 15, 3 
Женева, Швейцарія, Європа, 2, 25-50 років, з родиною, 300, 10, 1.5 
Забж, Хорватія, Європа, 0.2, 20-40 років, з родиною, 90, 13, 0.2 
Забжє, Польща, Європа, 1.5, 25-50 років, з родиною, 110, 10, 0.1 
Загреб, Хорватія, Європа, 3, 25-50 років, з родиною, 200, 10, 2 
Задар, Хорватія, Європа, 0.2, 20-40 років, з родиною, 90, 13, 0.2 
Зальцбург, Австрія, Європа, 1.5, 25-50 років, з родиною, 200, 10, 0.6 
Зоммерда, Німеччина, Європа, 0.3, 20-60 років, без родиною, 90, 19, 0.1 
Иркутськ, Росія, Азія, 0.5, 25-50 років, з родиною, 140, 15, 0.6 
Іжевськ, Росія, Європа, 0.5, 25-50 років, з родиною, 130, 15, 0.6 
Ізмір, Туреччина, Європа, 3, 25-50 років, з родиною, 170, 10, 2 
Індіанаполіс, США, Північна Америка, 10, 25-50 років,з родиною, 160, 8, 2.5 
Інчхон, Південна Корея, Азія, 2, 25-50 років, без родини, 200, 10, 1.2 
Ісфахан, Іран, Близький Схід, 2, 25-50 років, з родиною, 200, 10, 1.5 
Ітака, США, Північна Америка, 1, 25-50 років,з родиною, 120, 8, 0.15 
Ітапаріка, Бразилія, Південна Америка, 1, 25-50 років, з родиною, 160, 15, 1 
Йевле, Швеція, Європа, 0.9, 25-50 років,без родини, 190, 8, 0.4 
Йерва, Норвегія, Європа, 0.7, 25-50 років,з родиною, 210, 9, 0.3 
Йерусалим, Ізраїль, Близький Схід, 4, 30-60 років, з родиною, 200, 12, 2 
Йоганнесбург, ПАР, Африка, 6, 25-50 років, без родини, 200, 10, 4 
Йоенсуу, Фінляндія, Європа, 1.5, 25-50 років,без родини, 200, 9, 0.6 
Кагосіма, Японія, Азія, 1, 25-50 років, з родиною, 210, 15, 1 
Казань, Росія, Європа, 1.2, 25-50 років, з родиною, 150, 15, 1 
Каїр, Єгипет, Африка, 10, 25-50 років, з родиною, 200, 10, 4 
Кайтука, Острови Кука, Океанія, 0.4, 25-50 років,з родиною, 160, 7, 0.15 
Калвсунд, Норвегія, Європа, 0.7, 25-50 років,з родиною, 210, 9, 0.3 
Калгари, США, Північна Америка, 3, 25-50 років,з родиною, 200, 8, 0.6 
Калгарі, Канада, Північна Америка, 2, 25-50 років, без родини, 250, 12, 1.2 
Калгурлі, Австралія, Океанія, 0.5, 25-50 років, з родиною, 150, 10, 0.1 
Калі, Колумбія, Південна Америка, 3, 25-50 років, з родиною, 150, 15, 2 
Калінінград, Росія, Європа, 0.5, 25-50 років, з родиною, 150, 15, 0.3 
Калмар, Швеція, Європа, 0.8, 25-50 років, з родиною, 120, 10, 0.2 
Калуга, Росія, Європа, 0.5, 25-50 років, з родиною, 120, 15, 0.4 
Калуш, Україна, Європа, 0.5, 25-50 років, з родиною, 90, 10, 0.05 
Кальї, Колумбія, Південна Америка, 2, 25-50 років, з родиною, 140, 15, 1.5 
Калькутта, Індія, Азія, 4, 25-50 років, з родиною, 120, 7, 1.5 
Кальмар, Норвегія, Європа, 1.2, 25-50 років, з родиною, 150, 10, 0.3 
Кальмар, Швеція, Європа, 1, 25-50 років,з родиною, 180, 8, 0.5 
Кальярі, Італія, Європа, 1.2, 25-50 років, з родиною, 200, 10, 0.5 
Камчатка, Росія, Азія, 0.5, 25-50 років, з родиною, 150, 15, 0.2 
Канберра, Австралія, Океанія, 1, 25-50 років, з родиною, 240, 10, 0.5 
Канвондо, Південна Корея, Азія, 1.5, 25-50 років, з родиною, 150, 15, 1 
Кангасала, Фінляндія, Європа, 0.8, 25-50 років,з родиною, 200, 9, 0.4 
Канзас-Сіті, США, Північна Америка, 5, 25-50 років, з родиною, 180, 10, 3 
Канкун, Мексика, Північна Америка, 6, 20-40 років, з родиною, 220, 10, 4 
Канни, Франція, Європа, 1.2, 25-50 років, з родиною, 300, 10, 0.4 
Кано, Нігерія, Африка, 2, 25-50 років, з родиною, 130, 7, 0.9 
Канчанабурі, Таїланд, Азія, 1, 25-50 років, з родиною, 130, 15, 1 
Каптаун, Південна Африка, Африка, 5, 25-50 років, з родиною, 220, 10, 2.5 
Каракас, Венесуела, Південна Америка, 2, 25-50 років, з родиною, 130, 10, 0.3 
Кардіф, Великобританія, Європа, 0.8, 30-70 років, з родиною, 90, 20, 0.5 
Карлстад, Швеція, Європа, 1.5, 25-50 років,з родиною, 180, 8, 0.6 
Карлсхамн, Швеція, Європа, 0.9, 25-50 років,без родини, 190, 8, 0.4 
Картахена, Колумбія, Південна Америка, 3, 25-50 років, з родиною, 150, 15, 2 
Касабланка, Марокко, Африка, 3, 25-50 років, з родиною, 130, 7, 1 
Каскасунден, Фінляндія, Європа, 0.8, 25-50 років,без родини, 200, 9, 0.4 
Кассель, Німеччина, Європа, 0.1, 20-60 років, з родиною, 90, 19, 0.2 
Кастрі, Сент-Люсія, Океанія, 2, 25-50 років, з родиною, 170, 15, 2 
Катманду, Непал, Азія, 2, 25-50 років, без родини, 90, 5, 0.7 
Катовіце, Польща, Європа, 3, 25-50 років, з родиною, 130, 10, 0.4 
Квебек, Канада, Північна Америка, 1.5, 25-50 років, з родиною, 210, 10, 1 
Квінстаун, Нова Зеландія, Океанія, 3.5, 25-50 років,з родиною, 250, 10, 0.9 
Кейджун-Кантрі, США, Північна Америка, 1.5, 25-50 років,з родиною, 130, 8, 0.2 
Кейп-Корал, США, Північна Америка, 2, 25-50 років,з родиною, 140, 8, 0.35 
Кейптаун, ПАР, Африка, 5, 25-50 років, з родиною, 180, 8, 2 
Кельн, Німеччина, Європа, 0.7, 20-60 років, з родиною, 90, 19, 0.4 
Кельн, Німеччина, Європа, 3, 25-50 років, з родиною, 210, 10, 1.5 
Кембридж, Великобританія, Європа, 2, 25-50 років, з родиною, 220, 10, 2 
Кемі, Фінляндія, Європа, 1, 25-50 років,з родиною, 190, 8, 0.5 
Кемнітц, Німеччина, Європа, 0.2, 20-50 років, з родиною, 90, 19, 0.2 
Кемптен, Англія, Великобританія, Європа, 0.1, 25-50 років,з родиною, 120, 20, 0.1 
Кенінгтон, Англія, Великобританія, Європа, 0.1, 25-50 років,з родиною, 130, 20, 0.15 
Кентербері, Англія, Великобританія, Європа, 0.1, 25-50 років,з родиною, 150, 20, 0.2 
Кернс, Австралія, Океанія, 3, 25-50 років,з родиною, 220, 9, 0.8 
Кефлавік, Ісландія, Європа, 1.5, 25-50 років,без родини, 250, 11, 0.7 
Київ, Україна, Європа, 4, 25-50 років, з родиною, 170, 15, 2.5 
Кишинів, Молдова, Європа, 1, 25-50 років, з родиною, 90, 15, 0.4 
Кігалі, Руанда, Африка, 1.5, 25-50 років, з родиною, 110, 7, 0.6 
Кіллін, США, Північна Америка, 1, 25-50 років,з родиною, 120, 8, 0.15 
Кіля, Німеччина, Європа, 0.2, 20-60 років, з родиною, 70, 19, 0.2 
Кінгстаун, Сент-Вінсент і Гренадини, Океанія, 1, 25-50 років, з родиною, 160, 15, 1 
Кінгстон, Норфолк, Океанія, 0.3, 25-50 років,з родиною, 180, 7, 0.1 
Кінгстон, Ямайка, Океанія, 2, 25-50 років, з родиною, 200, 8, 1.2 
Кіншаса, Демократична Республіка Конго, Африка, 2, 25-50 років, з родиною, 120, 7, 0.8 
Кіото, Японія, Азія, 5, 25-50 років, без родини, 220, 10, 3 
Кіров, Росія, Європа, 0.5, 25-50 років, з родиною, 120, 15, 0.4 
Кіссіммі, США, Північна Америка, 3.5, 25-50 років,з родиною, 170, 8, 0.6 
Кіто, Еквадор, Південна Америка, 2, 25-50 років, з родиною, 120, 10, 0.3 
Клайпеда, Литва, Європа, 0.8, 25-50 років, з родиною, 100, 10, 0.2 
Кларк-Філд, США, Північна Америка, 1.8, 25-50 років,з родиною, 140, 8, 0.25 
Клаузен, Німеччина, Європа, 0.2, 20-60 років, з родиною, 70, 19, 0.2 
Клівленд, США, Північна Америка, 7, 25-50 років,з родиною, 150, 8, 2 
Клуж-Напока, Румунія, Європа, 1, 25-50 років, з родиною, 110, 15, 0.3 
Кобленц, Німеччина, Європа, 1, 25-50 років, з родиною, 200, 10, 0.5 
Ковентрі, Англія, Великобританія, Європа, 0.4, 25-50 років, з родиною, 160, 20, 0.5 
Коломбо, Шрі-Ланка, Азія, 2, 25-50 років, з родиною, 130, 7, 1 
Колумбус, США, Північна Америка, 4, 25-50 років,з родиною, 170, 8, 1 
Конакрі, Гвінея, Африка, 1, 25-50 років, з родиною, 120, 15, 0.8 
Конья, Туреччина, Азія, 2, 25-50 років, з родиною, 150, 15, 2 
Копенгаген, Данія, Європа, 8, 25-50 років, з родиною, 300, 10, 5.5 
Кордова, Аргентина, Південна Америка, 2, 25-50 років, з родиною, 140, 8, 1 
Корпус-Крісті, США, Північна Америка, 1.5, 25-50 років,з родиною, 140, 8, 0.2 
Кострома, Росія, Європа, 0.5, 25-50 років, з родиною, 120, 15, 0.3 
Кота-Кінабалу, Малайзія, Азія, 2, 25-50 років, з родиною, 140, 8, 1 
Котону, Бенін, Африка, 1, 25-50 років, з родиною, 120, 15, 0.8 
Котора, Чорногорія, Європа, 0.1, 20-45 років, з родиною, 95, 10, 0.2 
Коулун, Гонконг, Азія, 12, 25-50 років, без родини, 250, 10, 6 
Кочі, Індія, Азія, 2, 25-50 років, з родиною, 110, 7, 0.8 
Кошице, Словаччина, Європа, 0.5, 25-50 років, з родиною, 90, 10, 0.1 
Крабі, Таїланд, Азія, 2.5, 25-50 років, з родиною, 150, 15, 2 
Краків, Польща, Європа, 8, 25-50 років, з родиною, 180, 10, 2.5 
Краловець, Чехія, Європа, 0.8, 25-50 років, з родиною, 100, 10, 0.3 
Краснодар, Росія, Європа, 1, 25-50 років, з родиною, 110, 10, 0.2 
Крістіансанн, Норвегія, Європа, 2, 25-50 років,з родиною, 200, 9, 0.7 
Крістіанстад, Швеція, Європа, 0.9, 25-50 років,без родини, 190, 8, 0.4 
Крістін, США, Північна Америка, 1, 25-50 років,з родиною, 120, 8, 0.15 
Крк, Хорватія, Європа, 0.2, 20-40 років, з родиною, 90, 13, 0.2 
Кромарти, Шотландія, Великобританія, Європа, 0.1, 25-50 років,з родиною, 120, 20, 0.15 
Круунапуу, Фінляндія, Європа, 0.8, 25-50 років,без родини, 200, 9, 0.4 
Куала-Лумпур, Малайзія, Азія, 8, 25-50 років, без родини, 150, 8, 3 
Куала-Тренгану, Малайзія, Азія, 2, 25-50 років, з родиною, 150, 15, 1 
Куернавака, Мексика, Північна Америка, 1.5, 25-50 років, з родиною, 140, 15, 1.5 
Кумамото, Японія, Азія, 1.5, 25-50 років, з родиною, 220, 15, 1.5 
Кумасі, Гана, Африка, 1.5, 25-50 років, з родиною, 130, 7, 0.8 
Кунгельв, Швеція, Європа, 0.9, 25-50 років,з родиною, 180, 8, 0.4 
Кунгсбака, Швеція, Європа, 1, 25-50 років,з родиною, 180, 8, 0.5 
Куньмін, Китай, Азія, 3, 25-50 років, з родиною, 130, 8, 1.5 
Куньмін, Китай, Азія, 5, 25-50 років, з родиною, 160, 15, 3 
Курган, Росія, Європа, 0.5, 25-50 років, з родиною, 110, 15, 0.3 
Курітіба, Бразилія, Південна Америка, 2, 25-50 років, без родини, 140, 8, 0.9 
Куско, Перу, Південна Америка, 2, 25-50 років, з родиною, 150, 15, 2 
Лаббок, США, Північна Америка, 1.5, 25-50 років,з родиною, 130, 8, 0.2 
Лавага, Тонга, Океанія, 0.3, 25-50 років,з родиною, 150, 6, 0.15 
Лагос, Нігерія, Африка, 6, 25-50 років, з родиною, 160, 7, 2.5 
Ланьчжоу, Китай, Азія, 4, 25-50 років, з родиною, 150, 15, 2.5 
Ла-Пас, Болівія, Південна Америка, 2, 25-50 років, з родиною, 110, 7, 0.8 
Ла-Пас, Мексика, Північна Америка, 1, 25-50 років, з родиною, 140, 15, 1 
Лапландія, Фінляндія, Європа, 4, 25-50 років,з родиною, 210, 9, 1 
Ларнака, Кіпр, Європа, 1.2, 25-50 років, з родиною, 180, 10, 0.3 
Ла-Романа, Домініканська Республіка, Океанія, 2, 25-50 років, з родиною, 170, 7, 1 
Лас-Вегас, США, Північна Америка, 42, 25-50 років, з родиною, 300, 10, 18 
Лаутока, Фіджі, Океанія, 0.7, 25-50 років,з родиною, 160, 7, 0.2 
Лафайєт, США, Північна Америка, 2.5, 25-50 років,з родиною, 150, 8, 0.4 
Лахті, Фінляндія, Європа, 1, 25-50 років,без родини, 200, 9, 0.5 
Левука, Фіджі, Океанія, 0.6, 25-50 років,з родиною, 160, 7, 0.2 
Лейк-Чарльз, США, Північна Америка, 1, 25-50 років,з родиною, 120, 8, 0.15 
Лейпциг, Німеччина, Європа, 5, 25-50 років, з родиною, 220, 10, 2.5 
Лексан, Швеція, Європа, 0.9, 25-50 років,з родиною, 190, 8, 0.4 
Лексінгтон, США, Північна Америка, 3, 25-50 років,з родиною, 160, 9, 0.5 
Лерда, Німеччина, Європа, 0.2, 20-60 років, з родиною, 90, 19, 0.2 
Лестер, Англія, Великобританія, Європа, 1, 25-50 років, з родиною, 180, 20, 0.9 
Липецьк, Росія, Європа, 0.5, 25-50 років, з родиною, 110, 15, 0.3 
Лібек, Німеччина, Європа, 0.2, 20-60 років, з родиною, 90, 19, 0.2 
Ліберія, Коста-Рика, Центральна Америка, 1, 25-50 років, з родиною, 150, 15, 1 
Лібревіль, Габон, Африка, 1, 25-50 років, з родиною, 100, 7, 0.5 
Ліверпуль, Великобританія, Європа, 0.4, 30-40 років, з родиною, 90, 20, 0.4 
Ліверпуль, Великобританія, Європа, 5, 25-50 років, з родиною, 230, 10, 3 
Лілле, Швеція, Європа, 1.5, 25-50 років,з родиною, 180, 8, 0.6 
Ліллехаммер, Норвегія, Європа, 2, 25-50 років,з родиною, 210, 9, 0.7 
Лілль, Франція, Європа, 1.5, 25-50 років, з родиною, 160, 10, 1.2 
Лілонгве, Малаві, Африка, 1, 25-50 років, з родиною, 120, 8, 0.6 
Ліма, Перу, Південна Америка, 10, 25-50 років, з родиною, 150, 10, 4 
Лімасол, Кіпр, Європа, 1, 25-50 років, з родиною, 200, 10, 0.3 
Лінкольн, Англія, Великобританія, Європа, 0.1, 25-50 років,з родиною, 150, 20, 0.15 
Лінчепінг, Швеція, Європа, 1.5, 25-50 років,без родини, 190, 8, 0.6 
Ліон, Франція, Європа, 3, 25-50 років, з родиною, 200, 10, 1.5 
Лісабон, Португалія, Європа, 12, 25-50 років, з родиною, 200, 10, 4 
Літл-Рок, США, Північна Америка, 2, 25-50 років,з родиною, 130, 8, 0.3 
Ліфука, Тонга, Океанія, 0.3, 25-50 років,з родиною, 150, 6, 0.1 
Ллангуллен, Уельс, Великобританія, Європа, 0.1, 25-50 років,з родиною, 120, 20, 0.1 
Ловран, Хорватія, Європа, 0.3, 20-40 років, з родиною, 90, 13, 0.2 
Лодзь, Польща, Європа, 1.5, 25-50 років, з родиною, 130, 10, 0.4 
Лозанна, Швейцарія, Європа, 1, 25-50 років, з родиною, 250, 10, 0.5 
Ломе, Того, Африка, 1, 25-50 років, з родиною, 110, 7, 0.5 
Лонг-Біч, США, Північна Америка, 3, 25-50 років,з родиною, 160, 8, 0.6 
Лонгйїр, Норвегія, Європа, 0.6, 25-50 років,без родини, 220, 10, 0.3 
Лондон, Велика Британія, Європа, 30, 18-45 років, без родини, 280, 20, 30 
Лорду-Хау-Айленд, Австралія, Океанія, 0.2, 25-50 років,з родиною, 180, 8, 0.1 
Лос-Анджелес, США, Північна Америка, 45, 20-45 років, без родини, 350, 15, 25 
Луангпрабанг, Лаос, Азія, 1.5, 25-50 років, з родиною, 90, 6, 0.7 
Луанда, Ангола, Африка, 1.5, 25-50 років, з родиною, 130, 7, 0.7 
Луксор, Єгипет, Африка, 3, 25-50 років, з родиною, 170, 15, 2 
Лулео, Швеція, Європа, 1, 25-50 років,без родини, 190, 8, 0.5 
Лусака, Замбія, Африка, 1.5, 25-50 років, з родиною, 120, 7, 0.6 
Лутон, Англія, Великобританія, Європа, 0.1, 25-50 років,з родиною, 150, 20, 0.4 
Луцьк, Україна, Європа, 0.5, 25-50 років, з родиною, 90, 10, 0.05 
Лхаса, Китай, Азія, 2, 25-50 років, з родиною, 180, 15, 1.5 
Львів, Україна, Європа, 2.5, 25-50 років, з родиною, 160, 15, 1.5 
Льєж, Бельгія, Європа, 1, 25-50 років, з родиною, 120, 10, 0.4 
Любляна, Словенія, Європа, 2, 25-50 років, з родиною, 190, 10, 1.5 
Люксембург, Люксембург, Європа, 2, 25-50 років, без родини, 250, 20, 1 
Люнебург, Німеччина, Європа, 0.2, 20-50 років, з родиною, 90, 19, 0.2 
Магдебург, Німеччина, Європа, 0.3, 20-60 років, з родиною, 90, 19, 0.3 
Магнітогорськ, Росія, Європа, 0.5, 25-50 років, з родиною, 110, 15, 0.3 
Маджуро, Маршаллові Острови, Океанія, 0.5, 25-50 років,з родиною, 150, 6, 0.2 
Мадрид, Іспанія, Європа, 15, 25-50 років, з родиною, 250, 10, 8 
Мае, Сейшели, Африка, 1.5, 25-50 років, з родиною, 400, 15, 1.5 
Майнц, Німеччина, Європа, 0.1, 20-60 років, з родиною, 100, 19, 0.2 
Майо, Нові Гебриди, Океанія, 0.3, 25-50 років,з родиною, 160, 7, 0.15 
Майотта, Французькі Острови, Океанія, 0.5, 25-50 років,з родиною, 160, 7, 0.2 
Мак-Аллен, США, Північна Америка, 1, 25-50 років,з родиною, 110, 8, 0.1 
Макао, Китай, Азія, 10, 25-50 років, без родини, 300, 12, 7 
Макасар, Індонезія, Азія, 2, 25-50 років, з родиною, 130, 15, 1.5 
Малабо, Екваторіальна Гвінея, Африка, 0.5, 25-50 років, з родиною, 110, 15, 0.5 
Малага, Іспанія, Європа, 3, 25-50 років, без родини, 170, 12, 1.2 
Мале, Мальдіви, Азія, 3, 25-50 років, з родиною, 300, 15, 6 
Мальме, Швеція, Європа, 1.5, 25-50 років, з родиною, 150, 10, 0.5 
Манагуа, Нікарагуа, Центральна Америка, 2, 25-50 років, з родиною, 130, 15, 1.5 
Манама, Бахрейн, Близький Схід, 2.5, 25-50 років, з родиною, 230, 12, 2.5 
Манаус, Бразилія, Південна Америка, 2, 25-50 років, з родиною, 150, 15, 2 
Мандалай, М'янма, Азія, 1.5, 25-50 років, з родиною, 90, 6, 0.6 
Маніла, Філіппіни, Азія, 6, 25-50 років, з родиною, 140, 8, 3 
Маніхікі, Острови Кука, Океанія, 0.2, 25-50 років,з родиною, 150, 6, 0.1 
Мануа, Американське Самоа, Океанія, 0.2, 25-50 років,з родиною, 140, 6, 0.1 
Манус, Бразилія, Південна Америка, 1.5, 25-50 років, з родиною, 120, 8, 0.8 
Манчестер, Великобританія, Європа, 10, 25-50 років, з родиною, 250, 10, 5 
Манчестер, США, Північна Америка, 2, 25-50 років,з родиною, 150, 8, 0.35 
Мапуту, Мозамбік, Африка, 1.5, 25-50 років, з родиною, 130, 8, 0.8 
Маракайбо, Венесуела, Південна Америка, 1.5, 25-50 років, з родиною, 130, 15, 1 
Маракеш, Марокко, Африка, 6, 25-50 років, без родини, 180, 7, 3 
Марієхамн, Фінляндія, Європа, 1, 25-50 років,з родиною, 190, 8, 0.5 
Марсель, Франція, Європа, 3.5, 25-50 років, з родиною, 220, 10, 2.5 
Маскат, Оман, Близький Схід, 3, 25-50 років, з родиною, 260, 12, 3 
Массачусетс, США, Північна Америка, 1.5, 25-50 років,з родиною, 130, 8, 0.6 
Мауке, Острови Кука, Океанія, 0.3, 25-50 років,з родиною, 160, 7, 0.15 
Махачкала, Росія, Європа, 0.5, 25-50 років, з родиною, 120, 15, 0.5 
Мацуйяма, Японія, Азія, 1, 25-50 років, з родиною, 200, 15, 1 
Маямі, США, Північна Америка, 10, 20-50 років, без родини, 300, 12, 7 
Медан, Індонезія, Азія, 3, 25-50 років, з родиною, 140, 15, 2 
Медельїн, Колумбія, Південна Америка, 3, 25-50 років, без родини, 130, 8, 1 
Медина, Саудівська Аравія, Близький Схід, 7, 25-50 років, з родиною, 300, 15, 6 
Медісон, США, Північна Америка, 3, 25-50 років,з родиною, 160, 9, 0.5 
Мекка, Саудівська Аравія, Близький Схід, 7, 25-50 років, з родиною, 300, 15, 8 
Меларен, Швеція, Європа, 1, 25-50 років,без родини, 190, 8, 0.5 
Мельбурн, Австралія, Океанія, 8, 25-50 років, з родиною, 280, 10, 5.5 
Мемінген, Німеччина, Європа, 0.2, 20-60 років, з родиною, 90, 19, 0.2 
Мемфіс, США, Північна Америка, 5, 25-50 років,з родиною, 170, 8, 1.3 
Мендоса, Аргентина, Південна Америка, 1.5, 25-50 років, з родиною, 140, 15, 1 
Меріда, Мексика, Північна Америка, 1.5, 25-50 років, з родиною, 170, 15, 1.5 
Мехікалі, Мексика, Північна Америка, 1.5, 25-50 років, з родиною, 150, 15, 1.5 
Мехіко, Мексика, Північна Америка, 6, 30-50 років, з родиною, 100, 12, 2 
Миколаїв, Україна, Європа, 1, 25-50 років, з родиною, 120, 10, 0.1 
Мідлсбро, Англія, Великобританія, Європа, 0.1, 25-50 років,з родиною, 150, 20, 0.2 
Мілан, Італія, Європа, 8, 25-45 років, без родини, 220, 15, 4 
Мілвокі, США, Північна Америка, 5, 25-50 років,з родиною, 160, 8, 1.2 
Міннеаполіс, США, Північна Америка, 10, 25-50 років,з родиною, 170, 8, 3 
Мінськ, Білорусь, Європа, 3, 25-50 років, з родиною, 150, 15, 2 
Міссула, США, Північна Америка, 1, 25-50 років,з родиною, 120, 8, 0.15 
Мобіл, США, Північна Америка, 1, 25-50 років,з родиною, 120, 8, 0.2 
Могадішо, Сомалі, Африка, 1, 25-50 років, з родиною, 80, 7, 0.4 
Момбаса, Кенія, Африка, 3, 25-50 років, з родиною, 150, 15, 2 
Монреаль, Канада, Північна Америка, 4, 25-50 років, без родини, 270, 12, 2 
Монровія, Ліберія, Африка, 1, 25-50 років, з родиною, 110, 7, 0.5 
Монтгомері, США, Північна Америка, 1.5, 25-50 років,з родиною, 130, 8, 0.25 
Монтевідео, Уругвай, Південна Америка, 2, 25-50 років, з родиною, 150, 8, 1 
Монтего-Бей, Ямайка, Океанія, 2.5, 25-50 років, з родиною, 220, 8, 1.5 
Монтеррей, Мексика, Північна Америка, 4, 25-50 років, з родиною, 170, 15, 4 
Монтреаль, Канада, Північна Америка, 4, 25-50 років, з родиною, 200, 15, 5 
Морунга, Мадагаскар, Африка, 0.8, 25-50 років, з родиною, 100, 8, 0.5 
Москва, Росія, Європа, 15, 25-50 років, з родиною, 280, 15, 12 
Мосс, Норвегія, Європа, 1, 25-50 років,з родиною, 210, 9, 0.5 
Моту-о-Айа, Острови Кука, Океанія, 0.3, 25-50 років,з родиною, 160, 7, 0.15 
Мулава, Швеція, Європа, 0.9, 25-50 років,з родиною, 180, 8, 0.4 
Мумбаї, Індія, Азія, 9, 25-50 років, без родини, 140, 10, 3.5 
Мускат, Оман, Близький Схід, 2, 25-50 років, з родиною, 280, 15, 2.5 
Мюнстер, Німеччина, Європа, 0.2, 20-30 років, з родиною, 90, 19, 0.2 
Мюнхен, Німеччина, Європа, 8, 25-50 років, з родиною, 260, 10, 4.5 
М'яньянг, Китай, Азія, 5, 25-50 років, з родиною, 150, 15, 3 
Нагасакі, Японія, Азія, 1.5, 25-50 років, з родиною, 220, 15, 1.5 
Найробі, Кенія, Африка, 4, 25-50 років, з родиною, 120, 7, 1.5 
Нанкін, Китай, Азія, 9, 25-50 років, з родиною, 190, 15, 5 
Нант, Франція, Європа, 1.5, 25-50 років, з родиною, 180, 10, 0.5 
Наньчан, Китай, Азія, 5, 25-50 років, з родиною, 160, 15, 3 
Нара, Японія, Азія, 3, 25-50 років, з родиною, 240, 15, 7 
Нарвік, Норвегія, Європа, 1, 25-50 років,без родини, 230, 10, 0.5 
Нассау, Багамські Острови, Океанія, 2, 25-50 років, з родиною, 300, 10, 1.8 
Науру, Океанія, 0.3, 25-50 років,з родиною, 150, 6, 0.1 
Находка, Росія, Азія, 0.1, 25-50 років, з родиною, 100, 15, 0.2 
Нджамена, Чад, Африка, 1, 25-50 років, з родиною, 90, 7, 0.4 
Неаполь, Італія, Європа, 10, 25-50 років, з родиною, 220, 10, 5 
Нешвілл, США, Північна Америка, 8, 25-50 років,з родиною, 190, 8, 2.5 
Нижній Новгород, Росія, Європа, 1.3, 25-50 років, з родиною, 150, 15, 1.2 
Нижньовартовськ, Росія, Європа, 0.5, 25-50 років, з родиною, 110, 15, 0.3 
Ніамей, Нігер, Африка, 1, 25-50 років, з родиною, 90, 7, 0.4 
Нікосія, Кіпр, Європа, 1, 25-50 років, з родиною, 170, 10, 0.3 
Нінбо, Китай, Азія, 7, 25-50 років, з родиною, 180, 15, 4 
Нінь Бінь, В'єтнам, Азія, 1, 25-50 років, з родиною, 110, 15, 0.8 
Ніуе, Океанія, 0.5, 25-50 років,з родиною, 170, 7, 0.2 
Ніцца, Франція, Європа, 3, 25-50 років, без родини, 220, 20, 1 
Новосибірськ, Росія, Європа, 1.5, 25-50 років, з родиною, 160, 15, 1.5 
Ноксвілл, США, Північна Америка, 3, 25-50 років,з родиною, 140, 8, 0.5 
Норич, Англія, Великобританія, Європа, 0.3, 25-50 років,з родиною, 170, 20, 0.4 
Норфолк, США, Північна Америка, 1.5, 25-50 років,з родиною, 130, 8, 0.6 
Норфолк-Айленд, Австралія, Океанія, 0.6, 25-50 років,з родиною, 180, 7, 0.2 
Ноттінгем, Англія, Великобританія, Європа, 1.2, 25-50 років, з родиною, 190, 20, 1 
Нуакшот, Мавританія, Африка, 1, 25-50 років, з родиною, 90, 7, 0.4 
Нукалофа, Тонга, Океанія, 0.5, 25-50 років,з родиною, 150, 6, 0.2 
Нумеа, Нова Каледонія, Океанія, 1.5, 25-50 років,з родиною, 180, 7, 0.4 
Нурсултан (Астана), Казахстан, Азія, 2, 25-50 років, без родини, 140, 10, 0.9 
Ньюарк, США, Північна Америка, 1, 25-50 років,з родиною, 130, 8, 0.6 
Нью-Йорк, США, Північна Америка, 35, 20-50 років, без родини, 400, 15, 25 
Ньюкасл, Англія, Великобританія, Європа, 1.5, 25-50 років,з родиною, 200, 20, 1.5 
Нью-Орлеан, США, Північна Америка, 10, 25-50 років,з родиною, 200, 8, 3 
Ньюпорт, Уельс, Великобританія, Європа, 0.1, 25-50 років,з родиною, 140, 20, 0.2 
Нью-Хейвен, США, Північна Америка, 2.5, 25-50 років,з родиною, 160, 9, 0.4 
Нюкебінг, Данія, Європа, 0.8, 25-50 років,з родиною, 190, 8, 0.3 
Нюрнберг, Німеччина, Європа, 0.5, 20-60 років, з родиною, 80, 19, 0.3 
Нячанг, В'єтнам, Азія, 3, 25-50 років, з родиною, 130, 15, 2 
Оахака, Мексика, Північна Америка, 2, 25-50 років, з родиною, 150, 15, 2 
Огдена, США, Північна Америка, 1, 25-50 років,з родиною, 120, 8, 0.1 
Оденсе, Данія, Європа, 2, 25-50 років,з родиною, 180, 8, 0.7 
Одеса, Україна, Європа, 2, 20-60 років, з родиною, 170, 15, 1.5 
Окінава, Японія, Азія, 5, 25-50 років, з родиною, 240, 15, 4 
Оклахома-Сіті, США, Північна Америка, 6, 25-50 років,з родиною, 150, 8, 1.5 
Окленд, Нова Зеландія, Океанія, 1.5, 25-50 років, з родиною, 210, 10, 0.6 
Оксфорд, Великобританія, Європа, 2.5, 25-60 років, з родиною, 230, 10, 2.5 
Олбані, США, Північна Америка, 3, 25-50 років,з родиною, 140, 8, 0.5 
Олесунд, Норвегія, Європа, 0.9, 25-50 років,без родини, 220, 10, 0.5 
Омськ, Росія, Європа, 1, 25-50 років, з родиною, 140, 15, 0.9 
Оран, Алжир, Африка, 2, 25-50 років, з родиною, 140, 7, 1 
Ораховаць, Чорногорія, Європа, 0.1, 20-45 років, з родиною, 85, 10, 0.2 
Оребро, Швеція, Європа, 1.5, 25-50 років,з родиною, 180, 8, 0.6 
Орел, Росія, Європа, 0.2, 25-50 років, з родиною, 120, 15, 0.3 
Орландо, США, Північна Америка, 6, 20-40 років, з родиною, 300, 12, 5 
Орхус, Данія, Європа, 4, 25-50 років,з родиною, 210, 9, 0.9 
Осака, Японія, Азія, 12, 18-60 років, з родиною, 280, 10, 18 
Осієк, Хорватія, Європа, 0.2, 20-40 років, з родиною, 120, 13, 0.2 
Осло, Норвегія, Європа, 3, 25-50 років, без родини, 240, 18, 1.2 
Осло, Норвегія, Європа, 7, 25-50 років,з родиною, 240, 11, 1.7 
Остін, США, Північна Америка, 12, 25-50 років,з родиною, 180, 8, 3 
Острава, Чехія, Європа, 1, 25-50 років, з родиною, 110, 10, 0.2 
Острови Кермадек, Нова Зеландія, Океанія, 0.3, 25-50 років,з родиною, 140, 6, 0.1 
Острови Маккуорі, Австралія, Океанія, 0.2, 25-50 років,з родиною, 160, 7, 0.1 
Острови Чатем, Нова Зеландія, Океанія, 0.5, 25-50 років,з родиною, 170, 7, 0.2 
Остромад, Україна, Європа, 1, 25-50 років, з родиною, 100, 10, 0.1 
Оттава, Канада, Північна Америка, 2, 25-50 років, з родиною, 220, 10, 1.5 
Оушен-Сіті, США, Північна Америка, 2, 25-50 років,з родиною, 150, 8, 0.35 
Охрид, Північна Македонія, Європа, 1, 25-50 років, з родиною, 110, 10, 0.2 
Очо-Ріос, Ямайка, Океанія, 2, 25-50 років, з родиною, 170, 15, 2 
Пагопаго, Американське Самоа, Океанія, 0.5, 25-50 років,з родиною, 150, 6, 0.2 
Палермо, Італія, Європа, 2, 25-50 років, без родини, 160, 15, 0.9 
Палм-Біч, США, Північна Америка, 3, 25-50 років,з родиною, 200, 8, 0.6 
Палмерстон-Айленд, Острови Кука, Океанія, 0.3, 25-50 років,з родиною, 150, 6, 0.1 
Панама-Сіті, Панама, Центральна Америка, 3, 25-50 років, з родиною, 150, 15, 3 
Парамарибо, Суринам, Південна Америка, 1, 25-50 років, з родиною, 120, 7, 0.5 
Париж, Франція, Європа, 38, 25-50 років, без родини, 300, 20, 10 
Пасадена, США, Північна Америка, 2.5, 25-50 років,без родини, 160, 9, 0.5 
Паскагула, США, Північна Америка, 1, 25-50 років,з родиною, 120, 8, 0.1 
Пассау, Німеччина, Європа, 0.2, 20-60 років, без родини, 90, 19, 0.2 
Паттайя, Таїланд, Азія, 6, 25-50 років, без родини, 150, 10, 3 
Паттан, Непал, Азія, 1, 25-50 років, без родини, 80, 5, 0.4 
Пекін, Китай, Азія, 20, 25-50 років, з родиною, 300, 10, 15 
Пенанг, Малайзія, Азія, 3, 25-50 років, з родиною, 160, 15, 2 
Пенрит, Англія, Великобританія, Європа, 0.1, 25-50 років,з родиною, 150, 20, 0.2 
Пенсакола, США, Північна Америка, 1, 25-50 років,з родиною, 120, 8, 0.1 
Пеорія, США, Північна Америка, 1, 25-50 років,з родиною, 120, 8, 0.15 
Пераст, Чорногорія, Чорногорія, Європа, 0.1, 20-45 років, з родиною, 65, 10, 0.1 
Перт, Австралія, Океанія, 2, 25-50 років, з родиною, 230, 10, 1.2 
Петра, Йорданія, Близький Схід, 1, 25-50 років, без родини, 180, 10, 1 
Петрозаводськ, Росія, Європа, 0.3, 25-50 років, з родиною, 120, 15, 0.4 
Північний Лас-Вегас, США, Північна Америка, 2, 25-50 років,з родиною, 130, 8, 0.3 
Піза, Італія, Європа, 2, 25-50 років, з родиною, 180, 10, 0.5 
Пітерсбург, США, Північна Америка, 2, 25-50 років,з родиною, 140, 8, 0.6 
Пітсбург, США, Північна Америка, 6, 25-50 років,з родиною, 150, 8, 2 
Плая-дель-Кармен, Мексика, Північна Америка, 2.5, 25-50 років, без родини, 190, 15, 2.5 
Плзень, Чехія, Європа, 0.5, 25-50 років, з родиною, 90, 10, 0.2 
Плімута, Англія, Великобританія, Європа, 0.3, 25-50 років,з родиною, 160, 20, 0.4 
Пномпень, Камбоджа, Азія, 2, 25-50 років, з родиною, 90, 6, 0.6 
Подгориця, Чорногорія, Європа, 1, 25-50 років, з родиною, 150, 10, 0.8 
Познань, Польща, Європа, 1.2, 25-50 років, з родиною, 120, 10, 0.3 
Порвоо, Фінляндія, Європа, 1, 25-50 років,без родини, 200, 9, 0.5 
Пореч, Хорватія, Європа, 0.2, 20-40 років, з родиною, 90, 13, 0.2 
Порт-Віла, Вануату, Океанія, 1, 25-50 років,з родиною, 170, 7, 0.3 
Портленд (Мейн), США, Північна Америка, 3, 25-50 років,з родиною, 150, 8, 0.45 
Портленд, США, Північна Америка, 5, 25-50 років, з родиною, 260, 10, 4 
Порт-Луї, Маврикій, Африка, 1, 25-50 років, без родини, 180, 10, 0.9 
Порт-Морсбі, Папуа Нова Гвінея, Океанія, 1, 25-50 років,з родиною, 170, 7, 0.3 
Порто, Португалія, Європа, 2, 25-50 років, з родиною, 180, 10, 0.5 
Порт-о-Пренс, Гаїті, Океанія, 2, 25-50 років, з родиною, 130, 15, 1.5 
Порт-оф-Спейн, Тринідад і Тобаго, Океанія, 1.5, 25-50 років, з родиною, 230, 10, 0.9 
Портсмут, Англія, Великобританія, Європа, 0.1, 25-50 років,з родиною, 160, 20, 0.3 
Порту-Алегрі, Бразилія, Південна Америка, 2.5, 25-50 років, з родиною, 150, 15, 2 
Порт-Харкорт, Нігерія, Африка, 1.5, 25-50 років, з родиною, 150, 7, 1 
Потсдам, Німеччина, Європа, 0.2, 20-70 років, з родиною, 90, 19, 0.2 
Прага, Чехія, Європа, 10, 25-50 років, з родиною, 200, 10, 4 
Преторія, ПАР, Африка, 2, 25-50 років, з родиною, 170, 10, 1.5 
Приштина, Косово, Європа, 0.5, 25-50 років, з родиною, 80, 15, 0.2 
Пуерто-Вальярта, Мексика, Північна Америка, 2, 20-40 років, з родиною, 200, 10, 1 
Пуерто-Монтт, Чилі, Південна Америка, 1, 25-50 років, з родиною, 140, 15, 1 
Пуерто-Плата, Домініканська Республіка, Океанія, 2, 25-50 років, з родиною, 150, 7, 1 
Пула, Хорватія, Європа, 0.2, 20-40 років, з родиною, 90, 13, 0.2 
Пунта-Кана, Домініканська Республіка, Океанія, 4, 25-50 років, без родини, 190, 15, 4 
Пхеньян, Північна Корея, Азія, 1, 25-50 років, без родини, 200, 5, 0.7 
Пхохан, Південна Корея, Азія, 1, 25-50 років, з родиною, 140, 15, 1 
Пхукет, Таїланд, Азія, 8, 20-40 років, з родиною, 150, 8, 3 
Рабат, Марокко, Африка, 3, 25-50 років, з родиною, 160, 7, 1.8 
Раіатеа, Французька Полінезія, Океанія, 0.4, 25-50 років,з родиною, 170, 7, 0.2 
Раквере, Фінляндія, Європа, 1, 25-50 років,з родиною, 210, 9, 0.5 
Рангироа, Французька Полінезія, Океанія, 0.4, 25-50 років,з родиною, 170, 7, 0.2 
Рангун, М'янма, Азія, 6, 25-50 років, з родиною, 110, 15, 4 
Рапід-Сіті, США, Північна Америка, 1.5, 25-50 років,з родиною, 130, 8, 0.2 
Раройя, Французька Полінезія, Океанія, 0.3, 25-50 років,з родиною, 160, 7, 0.15 
Раронга, Острови Кука, Океанія, 0.6, 25-50 років,з родиною, 170, 7, 0.25 
Раротонга, Острови Кука, Океанія, 1, 25-50 років,з родиною, 230, 9, 0.4 
Раума, Фінляндія, Європа, 1.5, 25-50 років,без родини, 200, 9, 0.6 
Регенсбург, Німеччина, Європа, 0.2, 20-60 років, з родиною, 110, 19, 0.2 
Рейк'явік, Ісландія, Європа, 2, 25-50 років, без родини, 350, 20, 1.2 
Рейк'явік, Ісландія, Європа, 6, 25-50 років,без родини, 250, 11, 1.4 
Ренфру, Шотландія, Великобританія, Європа, 0.1, 25-50 років,з родиною, 130, 20, 0.15 
Ресіфе, Бразилія, Південна Америка, 2, 25-50 років, з родиною, 130, 8, 1 
Рига, Латвія, Європа, 2, 25-50 років, з родиною, 130, 10, 0.6 
Рим, Італія, Європа, 10, 25-60 років, без родини, 180, 15, 5 
Рієка, Хорватія, Європа, 1, 25-50 років, з родиною, 150, 10, 0.2 
Різер, Норвегія, Європа, 0.7, 25-50 років,з родиною, 210, 9, 0.3 
Ріно, США, Північна Америка, 2, 25-50 років,з родиною, 160, 8, 0.6 
Ріо-де-Жанейро, Бразилія, Південна Америка, 7, 25-50 років, без родини, 160, 10, 3 
Річмонд, США, Північна Америка, 3, 25-50 років,з родиною, 160, 8, 0.6 
Ріяд, Саудівська Аравія, Близький Схід, 4, 25-50 років, з родиною, 270, 15, 4 
Рованіемі, Фінляндія, Європа, 2.5, 25-50 років,з родиною, 210, 9, 0.8 
Ровань, Хорватія, Європа, 0.2, 20-40 років, з родиною, 120, 13, 0.2 
Родос, Греція, Європа, 1, 25-50 років, з родиною, 150, 10, 0.3 
Розо, Домініка, Океанія, 1, 25-50 років, з родиною, 160, 15, 1 
Рокфорд, США, Північна Америка, 2, 25-50 років,з родиною, 150, 8, 0.35 
Росаріо, Аргентина, Південна Америка, 1.5, 25-50 років, з родиною, 150, 15, 1.5 
Ростов-на-Дону, Росія, Європа, 1.1, 25-50 років, з родиною, 140, 15, 0.9 
Росток, Німеччина, Європа, 0.2, 20-30 років, з родиною, 90, 19, 0.2 
Ротерва, Нова Зеландія, Океанія, 1, 25-50 років,з родиною, 200, 8, 0.3 
Роттердам, Нідерланди, Європа, 1.5, 25-50 років, з родиною, 180, 10, 0.5 
Ротума, Фіджі, Океанія, 0.4, 25-50 років,з родиною, 150, 6, 0.1 
Рочестер, Англія, Великобританія, Європа, 0.1, 25-50 років,з родиною, 150, 20, 0.2 
Рюдесхайм, Німеччина, Європа, 0.2, 20-40 років, безз родини, 90, 19, 0.2 
Рюкан, Норвегія, Європа, 0.6, 25-50 років,без родини, 220, 10, 0.3 
Рязань, Росія, Європа, 0.5, 25-50 років, з родиною, 130, 15, 0.5 
Ряшів, Польща, Європа, 1, 25-50 років, з родиною, 110, 10, 0.2 
Саарбрюкен, Німеччина, Європа, 0.2, 20-60 років, з родиною, 90, 19, 0.2 
Савана, США, Північна Америка, 5, 25-50 років,з родиною, 180, 8, 1.2 
Сакраменто, США, Північна Америка, 3, 25-50 років,з родиною, 150, 8, 0.6 
Салоніки, Греція, Європа, 1.5, 25-50 років, з родиною, 190, 10, 0.4 
Салфорд, Англія, Великобританія, Європа, 0.1, 25-50 років,з родиною, 130, 20, 0.15 
Сальвадор, Бразилія, Південна Америка, 3, 25-50 років, з родиною, 140, 8, 1.5 
Самара, Росія, Європа, 1.2, 25-50 років, з родиною, 140, 15, 1 
Самарканд, Узбекистан, Азія, 2, 25-50 років, без родини, 120, 10, 0.8 
Сана, Ємен, Близький Схід, 1, 25-50 років, з родиною, 90, 6, 0.5 
Сан-Антоніо, США, Північна Америка, 15, 25-50 років,з родиною, 170, 8, 4 
Сандерленд, Англія, Великобританія, Європа, 0.1, 25-50 років, з родиною, 150, 20, 0.4 
Сан-Дієго, США, Північна Америка, 15, 25-50 років, з родиною, 280, 10, 9 
Санднес, Норвегія, Європа, 0.8, 25-50 років,з родиною, 210, 9, 0.4 
Санкт-Галлен, Швейцарія, Європа, 0.3, 25-50 років, з родиною, 200, 10, 0.2 
Санкт-Петербург, Росія, Європа, 8, 25-50 років, з родиною, 260, 15, 6 
Сан-Луіс-Обіспо, США, Північна Америка, 1, 25-50 років,з родиною, 140, 8, 0.6 
Сан-Луїс, США, Північна Америка, 4, 25-50 років,з родиною, 170, 8, 0.6 
Сан-Луїс-Потосі, Мексика, Північна Америка, 2, 25-50 років, з родиною, 150, 15, 2 
Сан-Паулу, Бразилія, Південна Америка, 5, 25-50 років, з родиною, 160, 10, 3 
Сан-Сальвадор, Сальвадор, Центральна Америка, 1.5, 25-50 років, з родиною, 100, 5, 0.7 
Санта-Барбара, США, Північна Америка, 4, 25-50 років,без родини, 180, 10, 0.7 
Санта-Круз, Болівія, Південна Америка, 3, 25-50 років, з родиною, 130, 10, 0.4 
Санта-Фе, США, Північна Америка, 2, 25-50 років,з родиною, 140, 8, 0.3 
Санто-Домінго, Домініканська Республіка, Океанія, 3, 25-50 років, з родиною, 160, 7, 1.5 
Сантьяго, Чилі, Південна Америка, 7, 25-50 років, з родиною, 200, 10, 3.5 
Сан-Франциско, США, Північна Америка, 25, 25-50 років, з родиною, 320, 10, 15 
Сан-Хосе, США, Північна Америка, 3, 25-50 років, з родиною, 200, 10, 2 
Сан-Хуан, Пуерто-Рико, Океанія, 3, 25-50 років, з родиною, 240, 10, 2 
Саппоро, Японія, Азія, 3, 25-50 років, з родиною, 240, 15, 2 
Сараєво, Боснія і Герцеговина, Європа, 1.5, 25-50 років, з родиною, 160, 10, 1 
Саранськ, Росія, Європа, 0.5, 25-50 років, з родиною, 110, 15, 0.3 
Сарасота, США, Північна Америка, 3, 25-50 років,з родиною, 160, 9, 0.5 
Саратов, Росія, Європа, 1, 25-50 років, з родиною, 130, 15, 0.8 
Саров, Росія, Європа, 0.5, 25-50 років, з родиною, 120, 15, 0.3 
Сарпсборг, Норвегія, Європа, 0.8, 25-50 років,без родини, 210, 9, 0.4 
Сассуоло, Італія, Європа, 1, 25-50 років, з родиною, 180, 10, 0.4 
Саутгемптон, Великобританія, Європа, 0.8, 25-60 років, з родиною, 90, 20, 0.3 
Саутенд-он-Сі, Англія, Великобританія, Європа, 0.1, 25-50 років,з родиною, 150, 20, 0.2 
Сахалін, Росія, Азія, 0.5, 25-50 років, з родиною, 130, 15, 0.3 
Светлогорськ, Росія, Європа, 0.5, 25-50 років, з родиною, 90, 15, 0.1 
Себу, Філіппіни, Азія, 4, 25-50 років, з родиною, 130, 8, 2 
Севілья, Іспанія, Європа, 4, 25-50 років, без родини, 180, 12, 1.5 
Селфорд, Англія, Великобританія, Європа, 0.1, 25-50 років,з родиною, 150, 20, 0.4 
Семерсет, Англія, Великобританія, Європа, 0.1, 25-50 років,з родиною, 120, 20, 0.1 
Сеніца, Хорватія, Європа, 0.2, 20-40 років, з родиною, 70, 13, 0.2 
Сент-Дені, Реюньйон, Африка, 0.9, 25-50 років, без родини, 170, 10, 0.8 
Сент-Джонс, Антигуа і Барбуда, Океанія, 1.5, 25-50 років, з родиною, 170, 15, 1.5 
Сент-Етьєн, Франція, Європа, 1, 25-50 років, з родиною, 140, 10, 0.3 
Сент-Клауд, США, Північна Америка, 1.2, 25-50 років,з родиною, 130, 8, 0.15 
Сент-Луїс, США, Північна Америка, 5, 25-50 років,з родиною, 150, 8, 1.5 
Сент-Пол, США, Північна Америка, 5, 25-50 років,з родиною, 160, 8, 1.5 
Сеул, Південна Корея, Азія, 10, 25-50 років, з родиною, 260, 10, 12 
Сиктивкар, Росія, Європа, 0.2, 25-50 років, з родиною, 100, 15, 0.2 
Сіань, Китай, Азія, 9, 25-50 років, з родиною, 180, 15, 5 
Сігішольм, Ісландія, Європа, 1.5, 25-50 років,без родини, 240, 11, 0.7 
Сігтуна, Швеція, Європа, 0.8, 25-50 років,з родиною, 200, 9, 0.4 
Сідней, Австралія, Океанія, 15, 25-50 років, з родиною, 300, 10, 6 
Сіетл, США, Північна Америка, 20, 25-50 років,з родиною, 240, 8, 5.5 
Сієм Ріп, Камбоджа, Азія, 4, 25-50 років, з родиною, 130, 15, 2.5 
Сієна, Італія, Європа, 1, 25-50 років, з родиною, 160, 10, 0.3 
Сінгапур, Сінгапур, Азія, 18, 25-45 років, без родини, 220, 7, 6 
Сірак'юс, США, Північна Америка, 2, 25-50 років,з родиною, 130, 8, 0.3 
Сіудад-Хуарес, Мексика, Північна Америка, 3, 25-50 років, без родини, 160, 15, 3 
Скансгольмен, Норвегія, Європа, 0.8, 25-50 років,з родиною, 200, 9, 0.4 
Скарборо, Англія, Великобританія, Європа, 0.1, 25-50 років,з родиною, 140, 20, 0.2 
Скогнес, Норвегія, Європа, 0.7, 25-50 років,з родиною, 210, 9, 0.3 
Скоп'є, Північна Македонія, Європа, 1, 25-50 років, з родиною, 140, 10, 0.7 
Скрентон, США, Північна Америка, 1, 25-50 років,з родиною, 120, 8, 0.1 
Слуй, Хорватія, Європа, 0.2, 20-40 років, з родиною, 90, 13, 0.2 
Смоленськ, Росія, Європа, 0.2, 25-50 років, з родиною, 120, 15, 0.4 
Согндал, Норвегія, Європа, 0.8, 25-50 років,з родиною, 210, 9, 0.4 
Солна, Швеція, Європа, 1.5, 25-50 років, з родиною, 140, 10, 0.4 
Солсбері, Англія, Великобританія, Європа, 0.1, 25-50 років,з родиною, 150, 20, 0.3 
Сопот, Польща, Європа, 1, 25-50 років, з родиною, 170, 10, 0.2 
Софія, Болгарія, Європа, 3, 25-50 років, з родиною, 150, 10, 0.4 
Сочі, Росія, Європа, 5, 25-50 років, з родиною, 150, 10, 1.5 
Спліт, Хорватія, Європа, 3, 25-50 років, з родиною, 180, 10, 0.6 
Спрингфілд, США, Північна Америка, 1.5, 25-50 років,з родиною, 120, 8, 0.2 
Ставангер, Норвегія, Європа, 1.5, 25-50 років,з родиною, 220, 10, 0.7 
Стамбул, Туреччина, Європа, 20, 25-50 років, з родиною, 220, 10, 10 
Старий Оскол, Росія, Європа, 0.2, 25-50 років, з родиною, 110, 15, 0.3 
Стокгольм, Швеція, Європа, 8, 25-50 років, з родиною, 300, 10, 6 
Стокпорт, Англія, Великобританія, Європа, 0.3, 25-50 років,з родиною, 150, 20, 0.4 
Страндфьорд, Норвегія, Європа, 0.7, 25-50 років,з родиною, 210, 9, 0.3 
Стремстад, Швеція, Європа, 0.9, 25-50 років,з родиною, 190, 8, 0.4 
Судбери, Англія, Великобританія, Європа, 0.1, 25-50 років,з родиною, 120, 20, 0.1 
Сукре, Болівія, Південна Америка, 1.5, 25-50 років, з родиною, 100, 7, 0.6 
Сукхотай, Таїланд, Азія, 1, 25-50 років, з родиною, 120, 15, 1 
Сундсвалл, Швеція, Європа, 1, 25-50 років,з родиною, 190, 8, 0.5 
Суонборг, Норвегія, Європа, 0.7, 25-50 років,з родиною, 210, 9, 0.3 
Супетар, Хорватія, Європа, 0.2, 20-40 років, з родиною, 110, 13, 0.3 
Сурабая, Індонезія, Азія, 5, 25-50 років, з родиною, 150, 15, 3.5 
Суравакар, Індія, Азія, 9, 25-50 років, з родиною, 120, 15, 2 
Сутоморе, Чорногорія, Чорногорія, Європа, 0.1, 20-45 років, з родиною, 65, 10, 0.2 
Су-Фоллс, США, Північна Америка, 1.8, 25-50 років,з родиною, 140, 8, 0.3 
Сучжоу, Китай, Азія, 8, 25-50 років, з родиною, 170, 15, 4 
Сфакс, Туніс, Африка, 1.5, 25-50 років, з родиною, 140, 7, 0.9 
Сьодертельє, Швеція, Європа, 1, 25-50 років,без родини, 190, 8, 0.5 
Сяминь, Китай, Азія, 4, 25-50 років, з родиною, 160, 15, 3 
Таверу, Острови Кука, Океанія, 0.2, 25-50 років,з родиною, 150, 6, 0.1 
Тавеуні, Фіджі, Океанія, 0.4, 25-50 років,з родиною, 160, 7, 0.15 
Тайбей, Тайвань, Азія, 6, 25-50 років, без родини, 160, 8, 2.5 
Тайлер, США, Північна Америка, 1, 25-50 років,з родиною, 120, 8, 0.15 
Такамацу, Японія, Азія, 1.5, 25-50 років, з родиною, 210, 15, 1.5 
Таллахассі, США, Північна Америка, 2, 25-50 років,з родиною, 150, 8, 0.4 
Таллінн, Естонія, Європа, 1.5, 25-50 років, з родиною, 140, 10, 0.4 
Талса, США, Північна Америка, 4, 25-50 років,з родиною, 150, 8, 0.6 
Тамбов, Росія, Європа, 0.2, 25-50 років, з родиною, 110, 15, 0.3 
Тампа, США, Північна Америка, 12, 25-50 років,з родиною, 170, 8, 3.5 
Тампере, Фінляндія, Європа, 1, 25-50 років,без родини, 200, 9, 0.5 
Тангалоа, Самоа, Океанія, 0.5, 25-50 років,з родиною, 170, 7, 0.2 
Танжер, Марокко, Африка, 2.5, 25-50 років, з родиною, 160, 7, 1.5 
Тарава, Кірибаті, Океанія, 0.6, 25-50 років,з родиною, 170, 7, 0.15 
Тарту, Естонія, Європа, 0.3, 25-50 років, з родиною, 100, 10, 0.1 
Тауер-Гамлетс, Англія, Великобританія, Європа, 0.1, 25-50 років,з родиною, 130, 20, 0.15 
Тауна, Вануату, Океанія, 0.5, 25-50 років,з родиною, 150, 6, 0.15 
Тахаа, Французька Полінезія, Океанія, 0.3, 25-50 років,з родиною, 160, 7, 0.15 
Ташкент, Узбекистан, Азія, 2, 25-50 років, без родини, 110, 10, 0.7 
Тбілісі, Грузія, Європа, 4, 25-50 років, з родиною, 150, 10, 1.8 
Твер, Росія, Європа, 0.2, 25-50 років, з родиною, 120, 15, 0.4 
Тегеран, Іран, Близький Схід, 4, 25-50 років, з родиною, 120, 8, 1.5 
Тегу, Південна Корея, Азія, 3, 25-50 років, з родиною, 180, 15, 2.5 
Тегусігальпа, Гондурас, Центральна Америка, 2, 25-50 років, з родиною, 90, 5, 0.6 
Тель-Авів, Ізраїль, Близький Схід, 3, 25-45 років, без родини, 250, 15, 1.5 
Темпл, США, Північна Америка, 1, 25-50 років,з родиною, 120, 8, 0.15 
Терріф, Шотландія, Великобританія, Європа, 0.1, 25-50 років,з родиною, 130, 20, 0.15 
Тетфілд, Англія, Великобританія, Європа, 0.1, 25-50 років,з родиною, 110, 20, 0.08 
Тиват, Чорногорія, Європа, 0.1, 20-45 років, з родиною, 85, 10, 0.2 
Тирана, Албанія, Європа, 1, 25-50 років, з родиною, 80, 15, 0.5 
Тіві Острови, Австралія, Океанія, 0.6, 25-50 років,з родиною, 200, 8, 0.2 
Тікехау, Французька Полінезія, Океанія, 0.3, 25-50 років,з родиною, 160, 7, 0.15 
Тімбу, Бутан, Азія, 1, 25-50 років, з родиною, 160, 15, 0.8 
Тіхуана, Мексика, Північна Америка, 3, 25-50 років, без родини, 160, 15, 3 
Токелау, Нова Зеландія, Океанія, 0.2, 25-50 років,з родиною, 140, 6, 0.1 
Токіо, Японія, Азія, 12, 25-50 років, без родини, 250, 10, 8 
Толуко, Мексика, Північна Америка, 2, 25-50 років, з родиною, 150, 15, 2 
Тонгарева, Острови Кука, Океанія, 0.5, 25-50 років,з родиною, 160, 7, 0.15 
Тонгатапу, Тонга, Океанія, 0.7, 25-50 років,з родиною, 160, 7, 0.25 
Торонто, Канада, Північна Америка, 5, 25-45 років, без родини, 250, 13, 2 
Торонто, США, Північна Америка, 10, 25-50 років,з родиною, 200, 8, 3.5 
Торсхавн, Данія, Європа, 0.8, 25-50 років,з родиною, 200, 9, 0.4 
Торунь, Польща, Європа, 1, 25-50 років, з родиною, 120, 10, 0.2 
Тояма, Японія, Азія, 1, 25-50 років, з родиною, 200, 15, 1 
Траверс-Сіті, США, Північна Америка, 1, 25-50 років,з родиною, 120, 8, 0.15 
Трелі, Уельс, Великобританія, Європа, 0.1, 25-50 років,з родиною, 140, 20, 0.2 
Трентон, США, Північна Америка, 1.5, 25-50 років,з родиною, 140, 8, 0.2 
Триполі, Лівія, Африка, 1, 25-50 років, з родиною, 100, 7, 0.6 
Трівандрум, Індія, Азія, 1.5, 25-50 років, з родиною, 100, 7, 0.6 
Трієст, Італія, Європа, 1.5, 25-50 років, з родиною, 170, 10, 0.3 
Тріполі, Лівія, Африка, 2, 25-50 років, з родиною, 150, 7, 1.2 
Тріп-Сітіс, США, Північна Америка, 2, 25-50 років,з родиною, 140, 8, 0.3 
Трір, Німеччина, Європа, 0.5, 25-50 років, з родиною, 120, 10, 0.2 
Трогір, Хорватія, Європа, 0.3, 20-40 років, з родиною, 90, 13, 0.2 
Тролльхеттан, Швеція, Європа, 0.9, 25-50 років,з родиною, 190, 8, 0.4 
Тромсе, Норвегія, Європа, 2, 25-50 років,без родини, 230, 10, 0.8 
Тронгейм, Норвегія, Європа, 3, 25-50 років,без родини, 220, 10, 0.8 
Туамоту, Французька Полінезія, Океанія, 0.6, 25-50 років,з родиною, 180, 7, 0.25 
Тувалу, Фунафуті, Океанія, 0.2, 25-50 років,з родиною, 150, 6, 0.1 
Тула, Росія, Європа, 0.2, 25-50 років, з родиною, 120, 15, 0.5 
Тулуз, Франція, Європа, 2, 25-50 років, з родиною, 180, 10, 1.5 
Тумба, Швеція, Європа, 0.7, 25-50 років,з родиною, 190, 8, 0.3 
Тумон, Гуам, Океанія, 1, 25-50 років,з родиною, 170, 7, 0.4 
Туніс, Туніс, Африка, 2, 25-50 років, з родиною, 140, 7, 0.9 
Турин, Італія, Європа, 3, 25-50 років, з родиною, 220, 10, 1.5 
Турку, Фінляндія, Європа, 3, 25-50 років,з родиною, 200, 9, 0.9 
Тусон, США, Північна Америка, 3, 25-50 років,з родиною, 140, 8, 0.6 
Тюбінген, Німеччина, Європа, 0.2, 20-60 років, з родиною, 90, 19, 0.2 
Тюмень, Росія, Європа, 1.2, 25-50 років, з родиною, 120, 10, 0.3 
Тяньцзінь, Китай, Азія, 8, 25-50 років, з родиною, 190, 15, 5 
Уагадугу, Буркіна-Фасо, Африка, 1.5, 25-50 років, з родиною, 120, 7, 0.6 
Убонратчатані, Таїланд, Азія, 3, 25-50 років, з родиною, 150, 15, 2 
Увеа, Волліс і Футуна, Океанія, 0.4, 25-50 років,з родиною, 160, 7, 0.15 
Уилмингтон, США, Північна Америка, 1, 25-50 років,з родиною, 120, 8, 0.15 
Улан-Батор, Монголія, Азія, 1, 25-50 років, без родини, 100, 6, 0.5 
Улан-Уде, Росія, Азія, 0.2, 25-50 років, з родиною, 130, 15, 0.5 
Уллевол, Швеція, Європа, 0.8, 25-50 років,без родини, 200, 9, 0.4 
Уппсала, Швеція, Європа, 2, 25-50 років,з родиною, 190, 8, 0.7 
Урумчі, Китай, Азія, 4, 25-50 років, з родиною, 160, 15, 3 
Утрехт, Нідерланди, Європа, 1.2, 25-50 років, з родиною, 160, 10, 0.3 
Уфа, Росія, Європа, 1, 25-50 років, з родиною, 130, 15, 0.9 
Ухань, Китай, Азія, 4, 25-50 років, з родиною, 150, 8, 2 
Фаа, Французька Полінезія, Океанія, 1.8, 25-50 років,без родини, 260, 10, 0.7 
Факарава, Французька Полінезія, Океанія, 0.5, 25-50 років,з родиною, 170, 7, 0.2 
Фаравай, Тонга, Океанія, 0.3, 25-50 років,з родиною, 160, 7, 0.1 
Фарго, США, Північна Америка, 1, 25-50 років,з родиною, 130, 8, 0.15 
Фарнборо, Англія, Великобританія, Європа, 0.1, 25-50 років,з родиною, 130, 20, 0.15 
Фельдкірх, Німеччина, Європа, 0.2, 20-60 років, з родиною, 90, 19, 0.2 
Фельдхолл, Англія, Великобританія, Європа, 0.1, 25-50 років,з родиною, 120, 20, 0.1 
Фенікс, США, Північна Америка, 4, 25-50 років, з родиною, 200, 10, 2.5 
Фіджі, Сува, Океанія, 2, 25-50 років,з родиною, 180, 7, 0.5 
Філадельфія, США, Північна Америка, 10, 25-50 років, з родиною, 250, 10, 6 
Флоренція, Італія, Європа, 5, 25-50 років, з родиною, 230, 10, 2.5 
Форталеза, Бразилія, Південна Америка, 2, 25-50 років, з родиною, 130, 8, 1 
Форт-Коллінз, США, Північна Америка, 2, 25-50 років,з родиною, 150, 8, 0.35 
Форт-Лодердейл, США, Північна Америка, 6, 25-50 років,з родиною, 180, 10, 1.8 
Форт-Майєрс, США, Північна Америка, 2.5, 25-50 років,з родиною, 160, 9, 0.4 
Форт-Сміт, США, Північна Америка, 1, 25-50 років,з родиною, 120, 8, 0.15 
Форт-Уерт, США, Північна Америка, 5, 25-50 років,з родиною, 160, 8, 1.2 
Фрайбург, Німеччина, Європа, 1, 25-50 років, з родиною, 160, 10, 0.5 
Франкфурт, Німеччина, Європа, 10, 25-50 років, з родиною, 240, 10, 5 
Фредеріксберг, Данія, Європа, 2, 25-50 років,з родиною, 190, 8, 0.8 
Фредеріксхавн, Данія, Європа, 0.8, 25-50 років,з родиною, 190, 8, 0.3 
Фредеріція, Данія, Європа, 0.9, 25-50 років,без родини, 200, 9, 0.4 
Фредрікстад, Норвегія, Європа, 0.7, 25-50 років,з родиною, 210, 9, 0.3 
Фресно, США, Північна Америка, 2, 25-50 років,з родиною, 150, 8, 0.6 
Фрітаун, Сьєрра-Леоне, Африка, 1, 25-50 років, з родиною, 120, 7, 0.6 
Фукуока, Японія, Азія, 4, 25-50 років, з родиною, 250, 15, 3 
Фунафуті, Тувалу, Океанія, 0.5, 25-50 років,з родиною, 170, 7, 0.2 
Фунгателе, Тонга, Океанія, 0.4, 25-50 років,з родиною, 160, 7, 0.15 
Футуна, Волліс і Футуна, Океанія, 0.3, 25-50 років,з родиною, 150, 6, 0.1 
Фучжоу, Китай, Азія, 5, 25-50 років, з родиною, 170, 15, 4 
Хабаровськ, Росія, Азія, 0.2, 25-50 років, з родиною, 140, 15, 0.7 
Хайфа, Ізраїль, Близький Схід, 1.5, 25-50 років, з родиною, 240, 15, 1.5 
Хайфонг, В'єтнам, Азія, 1.5, 25-50 років, з родиною, 130, 15, 1 
Хакодате, Японія, Азія, 1.5, 25-50 років, з родиною, 220, 15, 1 
Халл, Англія, Великобританія, Європа, 0.3, 25-50 років, з родиною, 150, 20, 0.4 
Халонг, В'єтнам, Азія, 2, 25-50 років, з родиною, 120, 15, 1.5 
Хаммарсунд, Норвегія, Європа, 0.7, 25-50 років,з родиною, 210, 9, 0.3 
Ханой, В'єтнам, Азія, 6, 20-45 років, з родиною, 90, 5, 2 
Хантсвілл, США, Північна Америка, 1.5, 25-50 років,з родиною, 130, 8, 0.2 
Ханчжоу, Китай, Азія, 9, 25-50 років, з родиною, 160, 15, 5 
Ханья, Греція, Європа, 1, 25-50 років, з родиною, 180, 10, 0.3 
Хараре, Зімбабве, Африка, 1.5, 25-50 років, з родиною, 140, 8, 0.9 
Харбін, Китай, Азія, 6, 25-50 років, з родиною, 170, 15, 4 
Харків, Україна, Європа, 1.5, 25-50 років, з родиною, 120, 10, 0.2 
Хартум, Судан, Африка, 1.5, 25-50 років, з родиною, 100, 7, 0.6 
Хартфорд, США, Північна Америка, 3, 25-50 років,з родиною, 150, 8, 0.5 
Хельсінкі, Фінляндія, Європа, 7, 25-50 років,без родини, 220, 10, 1.3 
Хендерсон-Айленд, Піткерн, Океанія, 0.3, 25-50 років,з родиною, 160, 7, 0.15 
Херефорд, Англія, Великобританія, Європа, 0.1, 25-50 років,з родиною, 150, 20, 0.2 
Херон-Айленд, Австралія, Океанія, 0.3, 25-50 років,з родиною, 190, 8, 0.1 
Херсон, Україна, Європа, 1, 25-50 років, з родиною, 110, 10, 0.2 
Хефей, Китай, Азія, 5, 25-50 років, з родиною, 160, 15, 3 
Хілтон-Хед-Айленд, США, Північна Америка, 2, 25-50 років,з родиною, 140, 8, 0.3 
Хіросіма, Японія, Азія, 2, 25-50 років, з родиною, 230, 15, 2 
Хіросіма, Японія, Азія, 3, 25-50 років, без родини, 200, 10, 2 
Хокксунд, Норвегія, Європа, 0.7, 25-50 років,з родиною, 210, 9, 0.3 
Хомс, Сирія, Близький Схід, 0.8, 25-50 років, з родиною, 140, 10, 0.4 
Хонолулу, США, Північна Америка, 6, 25-50 років,без родини, 200, 10, 2 
Хошимін, В'єтнам, Азія, 7, 25-45 років, з родиною, 110, 7, 2.5 
Хуахін, Таїланд, Азія, 3, 25-50 років, з родиною, 160, 15, 2.5 
Хургада, Єгипет, Африка, 6, 25-50 років, з родиною, 170, 10, 3 
Хюе, В'єтнам, Азія, 2, 25-50 років, з родиною, 120, 15, 1 
Цетине, Чорногорія, Європа, 0.1, 20-45 років, з родиною, 65, 10, 0.2 
Цзінань, Китай, Азія, 6, 25-50 років, з родиною, 170, 15, 4 
Циндао, Китай, Азія, 6, 25-50 років, з родиною, 170, 15, 4 
Цинциннаті, США, Північна Америка, 7, 25-50 років,з родиною, 160, 8, 2.5 
Цюріх, Швейцарія, Європа, 3, 25-50 років, з родиною, 350, 10, 2 
Чанчунь, Китай, Азія, 5, 25-50 років, з родиною, 160, 15, 3 
Чанша, Китай, Азія, 8, 25-50 років, з родиною, 180, 15, 5 
Чарлстон, США, Північна Америка, 4, 25-50 років,без родини, 180, 10, 0.8 
Чаттануга, США, Північна Америка, 2, 25-50 років,з родиною, 130, 8, 0.3 
Чебоксари, Росія, Європа, 0.2, 25-50 років, з родиною, 110, 15, 0.3 
Чеджу, Південна Корея, Азія, 5, 25-50 років, з родиною, 200, 15, 3 
Челмсфорд, Англія, Великобританія, Європа, 0.1, 25-50 років,з родиною, 130, 20, 0.15 
Челябинськ, Росія, Європа, 1, 25-50 років, з родиною, 130, 15, 0.8 
Ченганг, Китай, Азія, 3, 25-50 років, з родиною, 150, 15, 2 
Ченду, Китай, Азія, 5, 25-50 років, з родиною, 140, 8, 2.5 
Ченнаї, Індія, Азія, 4, 25-50 років, з родиною, 120, 7, 1.5 
Честер, Англія, Великобританія, Європа, 0.2, 25-50 років,з родиною, 160, 20, 0.3 
Чженчжоу, Китай, Азія, 7, 25-50 років, з родиною, 180, 15, 4 
Чианграй, Таїланд, Азія, 2, 25-50 років, з родиною, 140, 15, 1.5 
Чикаго, США, Північна Америка, 50, 25-50 років, з родиною, 300, 10, 20 
Чикаго-Хайтс, США, Північна Америка, 2, 25-50 років,з родиною, 140, 8, 0.3 
Читтагонг, Бангладеш, Азія, 1.5, 25-50 років, з родиною, 90, 7, 0.6 
Чіангмай, Таїланд, Азія, 2, 25-50 років, без родини, 120, 10, 1 
Чонбурі, Таїланд, Азія, 4, 25-50 років, з родиною, 170, 15, 3 
Чорногорія, Подгорица, Європа, 0.5, 25-50 років, з родиною, 90, 15, 0.2 
Чунцін, Китай, Азія, 11, 25-50 років, з родиною, 190, 15, 6 
Чхонджу, Південна Корея, Азія, 2, 25-50 років, з родиною, 160, 15, 1.5 
Шампейн, США, Північна Америка, 1, 25-50 років,з родиною, 120, 8, 0.15 
Шанхай, Китай, Азія, 10, 25-45 років, без родини, 200, 10, 5 
Шаосін, Китай, Азія, 4, 25-50 років, з родиною, 160, 15, 3 
Шарджа, ОАЕ, Близький Схід, 2, 25-50 років, з родиною, 280, 15, 2.5 
Шарлотсвілл, США, Північна Америка, 1, 25-50 років,з родиною, 130, 8, 0.15 
Шарлотт, США, Північна Америка, 10, 25-50 років,з родиною, 170, 8, 3.5 
Шарм-ель-Шейх, Єгипет, Африка, 5, 25-50 років, з родиною, 190, 10, 3.5 
Шверін, Німеччина, Європа, 0.2, 20-45 років, з родиною, 80, 19, 0.2 
Шеньчжень, Китай, Азія, 16, 25-50 років, з родиною, 180, 15, 18 
Шеньян, Китай, Азія, 6, 25-50 років, з родиною, 170, 15, 4 
Шибеник, Хорватія, Європа, 0.4, 20-40 років, з родиною, 90, 13, 0.32 
Шривпорт, США, Північна Америка, 2, 25-50 років,з родиною, 150, 8, 0.4 
Шри-Джаяварденепура-Коте, Шрі-Ланка, Азія, 4, 25-50 років, з родиною, 170, 15, 2 
Штутгарт, Німеччина, Європа, 3, 25-50 років, з родиною, 220, 10, 1.8 
Янгонг, М'янма, Азія, 2, 25-50 років, з родиною, 120, 15, 1.5 
Янгстаун, США, Північна Америка, 1, 25-50 років,з родиною, 120, 8, 0.15 
Яунде, Камерун, Африка, 1.5, 25-50 років, з родиною, 110, 7, 0.7 
